,Adjectives
0,재밌었습니다
2,편안해서
4,재밌어요
5,행복했으면
7,즐겁고
8,행복하게
9,멋있는
10,아름다운
11,강력하게
13,섬세한
14,넓은
15,아픈
16,다양한
17,완벽하게
18,만족하면서
19,있었습니다
20,다양한
21,있는데
22,뛰어나겠냐
23,엄청난
24,당하는
26,굉장히
27,깊었습니다
28,좋아했던
31,좋겠다
36,새로웠습니다
38,미쳤어요
39,후련함이
42,쓸쓸함을
43,행복해
44,좋으냐
45,좋아하지만
47,아니라는
50,궁금해서
51,아쉬워
52,아쉬운
53,행복했어요
54,예뻐요
56,예쁘고
58,역하시는
61,가득했습니다
62,가능하다면
65,아름다운
66,깊게
67,영원히
69,위대한
72,있으면
73,좋겠습니다
75,재미있게
77,처절하게
79,촉촉한
80,삭막한
81,따뜻한
82,좋았다고
84,아쉽다
87,행복하게
88,있는데
89,행복했어요
91,아름다운
93,완벽해
95,행복했습니다
96,좋겠습니다
97,그런지
99,슬퍼서
101,멋있는
103,재밌어요
104,어떨지
105,궁금했는데
109,솔직히
110,없어야
111,재밌었어요
112,아님
116,미쳤습니다
117,지긋지긋했겠지
118,행복했어요
119,슬프고
122,행복했고
123,고마웠어요
124,미쳐
126,행복했고
127,즐거웠습니다
128,아파
130,빠른
131,있었으면
133,대단한
134,좋겠습니다
135,그런지
136,멋있게
140,안타까웠습니다
141,이쁘네요
142,좋구
144,예쁘고
145,슬펐습니다
147,슬펐어요
148,재밌어요
151,좋겠습니다
153,행복했어요
154,슬펐던
156,단순히
158,애달프
159,슬펐던
161,깊었습니다
163,아름다운
164,아름다운
166,배고픈
167,힘든
168,뚜렷한
169,추워서
171,없고
173,아쉬워
174,그렇고
175,중요했을
177,즐겁게
178,재밌어요
180,없죠
181,힘들어서
182,멋진
183,예쁘고
184,후회될
188,아쉽다
189,행복하지는
190,행복한
191,유명한
192,아름답네요
193,어렵고도
194,좋았는데
195,힘든
196,있는데
197,재미있었어요
198,아쉽습니다
202,탄탄한
203,깊은
204,멋졌습니다
206,기뻐
207,좋겠네요
208,어떡하냐고
209,같은데
210,덤덤하게
211,같아서
212,없을
213,어땠을까
214,후련했던
215,후련해
216,무서웠는데
218,완벽해하는데
219,미쳐
220,인해
221,행복했으니
222,좋다면서
224,있던
226,완벽해하고
227,후련하단
228,없다는
230,행복했다
231,예쁘다
232,영원한
234,예뻐요
235,훌륭한
236,있었습니다
238,예쁩니다
239,재밌었어요
241,이렇게는
243,단단해서
244,재밌어요
246,좋았던
247,슬퍼
249,깊어요
250,재밌어요
252,재미있네요
253,재밌네요
254,그런지
255,잔잔하지만
256,소소한
258,어렵지
259,조화롭게
261,힘들게
262,이상해지고
263,아름다운
264,깊었던
266,아쉽지만
267,행복했어요
270,딱한
271,아름다운
273,신나게
275,없어
276,행복했으면
277,좋겠습니다
278,힘겨웠던
279,있었습니다
280,좋았는데
283,있더라
285,완벽해
286,좋아해서
289,아쉽네요
293,즐거웠습니다
298,아름답고
299,황홀하면서도
300,아프면서도
302,좋다고
303,재밌었습니다
304,강렬하게
305,있었습니다
309,좋았구요
310,힘들지만
311,재미있게
314,순수한
315,좋았어
316,멋진
317,예쁘
320,유익한
322,추합니다
323,추합니다
324,좋아했었습니다
328,지루했지만
331,좋아했다면
332,예뻐요
333,예쁘게
337,슬픕니다
340,아프
341,허전한
344,슬프
346,완벽해요
347,조아요
348,새롭게
353,좋았구요
356,입니
359,아쉬워
360,잔잔해요
362,분명히
363,힘들었을
364,이쁘구
367,완벽하게
368,아름답게
369,재밌어요
370,힘든
371,완벽한
372,굉장히
373,흥미로웠습니다
374,자세히
377,미친
378,좋구
379,재밌는
380,아름답고
382,짧은
384,간단하게라도
385,재미있게
387,예쁘지만
388,슬픈
389,가득해서인지
390,슬픈
392,행복한
394,고마워요
395,아름다운
398,힘드실지
401,살살했으면
402,좋겠
403,힘든
404,행복했다고
405,아플
407,미쳤어요
408,입니다용
409,아파요
410,멋져요
413,재밌었던
414,새로운
415,슬프면서도
416,행복한
417,아쉬워요
418,미쳐
422,지루한
423,있긴
425,굉장히
427,자세히
428,뭉클합니다
429,속상함
433,좋을
436,망했는데
437,재밌어가지고
439,슬퍼
440,안타깝지만
441,아름답게
442,슬픈
443,좋겠습니다
445,괜찮았어요
446,슬펐지만
448,미쳤고
449,아름다운
454,재밌었구요
455,많네요
457,재미있게
458,잔잔하면서도
460,꾸준히
461,있는데
462,확실히
463,깔끔해졌다는
464,새로운
465,기대하면서도
467,미안하다고
468,단단한
470,달랐다
471,단단해
472,싫은
473,아니다나
474,기대하게
475,예쁘고
476,아름다운
480,있다는
484,행복합니다
487,신들린
491,달랐습니다
492,슬프지만
494,재밌고
495,즐겁고
497,아쉽습니다
498,곱니다
499,미쳐
500,끝없는
501,괴로워하는
503,재밌어요
504,있었던
507,아니었을까
508,아름다
509,안타까운
510,아팠다
511,넓게
513,더해져
518,힘들었지만
520,아름답고
521,슬펐어요
522,아름다운
523,아름다운
525,아니었지만
526,좋다며
529,예쁘고
531,아프지만
532,그럴
533,없었던
535,그렇게라도
537,좋을
540,같기는
541,좋은데다
542,양하게
543,같아서
547,묵직한
548,재미있는데
549,나쁜
550,아닌데
551,불안정한
552,좋으셨나
553,무리하시는
554,아닌지
556,없네요
557,단단하고
558,따뜻한
562,행복합니다
567,슬퍼요
572,훌륭하고
574,심오하다
575,무려진
576,아니던가
577,있던가
578,재밌었습니다
580,애잔하고
581,안쓰러워
582,아프더라구요
583,영리하게
584,쏠쏠합니
585,없네요
589,재밌음
595,재밌네요
596,같을
597,즐거운
598,재미있게
601,괜찮아
602,어이없어
603,자세하게
604,있었던
608,살벌해요
609,좋아하지
612,이쁘고
614,행복했다면
615,어떻까
616,아파우는
618,아닌데도
619,화려한
621,새로운
622,예쁘고
623,슬퍼지네요
625,무서
630,유명한
632,없었는데
634,있었던
635,같아서
637,좋아하는
639,예쁘고
640,없이는
641,힘들
642,같다고
643,굉장히
644,화려하고
646,아름다운
648,재미있어요
649,아팠던
651,외로웠을까
652,행복하게
653,깔끔하고
654,좋으세
655,좋으시네요
656,귀여웠구요
657,빨간
658,예민해지고
661,행복한
662,짧은
663,짠하고
664,슬퍼요
667,궁금해지
668,안타깝고
669,슬프고
670,애틋하고
672,추웠어요
675,꾸준히
681,힘들었다는
682,있던
685,평범한
686,따뜻한
687,없다며
688,평범함이
690,아니라고
692,행복해요
697,새로운
698,신기하면서도
700,좋앗던
701,차가
703,그런지
708,따뜻하고
709,따뜻하고
710,슬픈
712,좋아하던
713,같아서
714,만족합니다
715,아담하니
716,재밌었어요
722,있었던
723,같아서
728,아프고
731,예쁘게
734,아름다우
737,아름답고
739,완벽해
741,없었을
744,아니냐고
745,좋았던
747,조았어요
748,아름다운
749,애틋하고
750,예쁘고
751,재밌었습니다
752,그렇게도
755,중요한
756,계셔서
757,황당해서
758,좋아하는
759,좋았는데
760,없었어요
761,아쉽네요
763,격해지
764,깊네요
765,귀여우시고테오의
766,돈독하기도
767,친한
769,좋으셨어요
770,짙으셨던
772,있다가
773,좋을
774,재밌음
775,좋았는데
776,힘들었습니다
777,아름답
779,힘든
780,없지만
781,촉촉한
782,추웠음에도
783,없었다면
784,아름다운
785,아프
786,힘든데
787,소중해서
788,멋진
789,아쉬워
790,대단하세요
792,좋아한다고
797,깊게
798,행복했습니다
799,많아서
800,없지
802,재밌어서
804,굉장히
806,있거나
807,잔잔하게
809,평범하게
810,힘들었던
811,평범한
812,슬프고
813,안쓰럽고
818,지루한데
819,안타까웠던
820,같을
823,아름다운
824,있었어요
826,살벌할
827,섬세한
828,아님의
830,아님이
831,좋아하던
835,곱니다
836,매운
837,조화롭네요
838,예쁘구
839,좋아해서
842,어둡고
843,우울한
849,아름다운
851,잔잔한
855,아름다운
857,인해
859,신선한
861,좋겠다
862,뻔했습니다
863,아름다
864,독특하고
865,아름답고
868,재밌었어요
872,좋았구요
873,예쁘더라
876,깊은
877,불편해서
878,입니다나만
879,불편한
880,다정하고
882,환생했나
886,좋더라구요
887,위대한
888,있었던
892,좋아했습니다
894,아름답고
895,고통스러웠다고
897,슬프지만
904,좋았지만
905,아니여서
906,아쉬웠다
908,좋도
910,파란만장한
911,아렸던
915,궁금해서
918,예쁘고
921,좋구
924,재밌었어요
925,깊게
930,있겠지만
932,아픕니다
933,행복하게
934,건강하게
937,따뜻하고
938,좋아하는
940,예쁜
941,아름다운
942,재미있게
943,환생한
944,행복해라
945,행복해라
946,많은데
953,대단하다는
955,행복하길
956,재미있었습니다
957,예뻐요
958,슬펐습니다
960,아쉬운
961,재밌어요
962,없나
963,슬퍼요
965,예쁘세요
966,이쁘네요
967,괜찮았습니다
970,멋진
974,아름답고
975,슬펐던
976,아름다웠어요
978,재미있었어요
979,예뻐서
980,어떡하란
981,잔잔하지만
982,아름답고
983,슬프고
985,예쁘고
987,잔잔하게
989,슬프고
990,좋았던
991,처절하고
992,아팠다
993,기대했던
994,깊었습니다
995,많았는데
996,편안한
998,좋겠습니다
999,만족하는
1001,독특하고
1002,새로워서
1003,신기했어요
1004,힘들었는데
1005,아름다워서
1006,재미있었습니다
1008,재밌어요
1009,깊은
1016,예뻤고
1020,예뻤고
1022,잔잔해서
1024,아님이
1028,좋으면
1029,좋으련만
1031,이런지
1033,예뻐요
1034,있었습니다
1035,지루하기도
1036,아쉽
1037,괜찮으신
1040,힘들게
1041,신기하고
1042,지루하고
1043,슬픈데도
1044,지루하고
1045,지루하고
1046,지루하고
1047,지루하고
1048,지루했음
1049,재미있는
1050,재미있는
1051,지루한데
1052,괜찮아요
1053,없던
1054,생생하다
1055,우울하게
1056,아름다운
1057,불행했던
1058,가난했던
1059,안타깝고
1060,슬픈
1062,재미있어요
1063,슬퍼요
1068,만족스러웠습니다
1069,신나는
1070,좋아해서
1071,좋아하시는
1072,행복하게
1073,행복합니다
1074,아름다운
1075,재미있어요
1076,많았는데
1078,귀여우면서
1084,완벽해
1085,예쁘고
1087,답답하고
1089,있었어요
1096,재밌었어요
1097,멋진
1099,아름답고
1100,멋진
1101,적절한
1102,아프다
1103,아니실
1105,좋으시
1106,행복하게
1107,행복해요
1111,아름다운
1112,멋지게
1121,쓰라린
1124,좋더라구요
1128,슬펐어요
1132,좋았는데
1133,아쉽
1137,외로웠던
1138,불쌍하네요
1142,좋앗고
1143,좋진
1145,슬픔니다
1146,좋다
1148,있었던
1149,아름답고
1150,슬펐어요
1154,멋진
1155,뭉클해
1157,없었다
1158,뻔히
1159,아니었음
1160,재미있었고
1167,흥미로웠던
1168,어떨까
1169,궁금해서
1171,아쉬웠던
1172,지루한
1173,없지
1174,재밌었어요
1175,재미있어요
1176,같더라고
1177,예뻤어요
1178,깊더라구요
1180,예쁘고
1191,좋아하신다면
1192,미쳤음
1193,슬퍼서
1196,흥미롭진
1197,지루한
1198,가까운데요
1200,아닐까
1201,있구요
1205,아니고
1206,깊은
1207,아니지만
1208,단순히
1209,없어가
1211,똑같구
1213,부담스러운
1214,슬프게
1215,있었어요
1216,좋은데
1217,이쁩니다
1218,색다르네요
1219,색달랐고
1225,재미있게
1227,재미있게
1230,미친
1231,멋집니다
1233,좋아하는
1234,있으면
1235,따뜻해지고
1237,안타깝
1238,없었을까
1240,완벽해라고
1241,그래놓고
1243,힘들고
1244,아름답
1249,아닌데
1252,휩쓸려서
1253,같았어요
1254,잘생겼다
1255,잘생겼다
1257,없을지도
1259,아름다운
1261,곱니다
1263,재밌었어요
1264,부드럽게
1265,다양한
1266,재밌었고요
1267,분합이
1269,많아서
1272,그렇고
1273,그렇고
1274,추워요
1275,추워서
1276,어려워요
1277,재밌습니다
1278,멋진
1279,멋진
1280,멋진
1281,멋진
1282,그렇게만
1283,있던
1284,새롭게
1285,있었던
1286,아닐까
1287,없었다
1290,침울할
1292,따스한
1293,멋진
1297,예뻤습니다
1302,그리워
1303,좋았는데
1304,재미있었습니다
1305,붉어지게
1307,아름다운
1311,재미있고
1320,좋구
1323,아름다운
1325,아픈데
1327,기대했는데
1329,새로웠는데
1330,재밌어요
1332,이쁩니다
1333,재밌어요
1336,행복해요
1337,오래된
1341,충분히
1342,잔잔하지만
1343,강렬하게
1344,평탄하지
1346,외로운
1347,어려운
1349,느리고
1350,섬세하게
1351,안타까운
1352,속상한
1353,행복한
1354,불행한
1356,벅차게
1357,아리는
1358,강렬하고
1359,새로운
1360,멋진
1363,잔잔한
1366,슬픈
1370,행복한
1371,예쁘고
1373,인해
1374,행복했기에
1375,완벽한
1376,환하게
1377,아프다
1378,행복했을까
1380,있으시네요
1381,섬세하게
1383,개운해는
1387,좋더라구요
1389,좋더라구요
1390,애달파요
1391,풍부하고
1392,아름답게
1396,이로웠어요
1397,아름다워요
1399,좋았던
1401,없었습니다
1404,재밌어요
1405,재밌다가
1406,지루하다가
1407,아름다운
1409,재밌어요
1413,완벽해
1414,아파요
1417,명확히
1418,부탁드려요
1419,나쁘지는
1420,아쉬운
1421,많았지만
1422,탁월했네요
1423,아름답고
1424,처절하게
1425,어색하지
1426,멋진
1431,특별한
1434,풍부한
1435,성했고
1436,많았다고
1439,신기했어요
1440,같아서
1441,신기하고
1444,완벽한
1445,뛰어나
1446,같았어요
1450,미안한
1452,아름다운
1453,아름다운
1454,완벽한
1455,아름답습니다
1456,아름답네요
1458,좋았던
1459,예쁜
1462,좋아하는
1463,슬펐고
1464,안타까웠어요
1465,재미있었어요
1466,없고
1469,좋은데
1470,힘들어요
1473,재밌어요
1475,좋음
1476,섬세하고
1477,곱니다
1480,없었기
1484,미어지게
1485,재미있었다
1486,좋더라구요
1487,슬프지만
1488,그럴
1489,없었을
1492,슬퍼요
1493,지루할
1494,재밌고
1495,다양한
1496,같아서
1497,행복하고
1499,멋있고
1500,슬펐네
1503,따뜻한
1504,이쁘네요
1505,안타까워서
1506,아쉬운
1507,있다면
1508,어두워서
1509,아쉬웠습니다
1510,기뻐요
1511,따뜻한
1513,즐거웠어요
1514,재밌었습니다
1515,없이는
1517,안쓰럽
1518,같아서
1521,좋앗습니다
1524,편한
1525,굉장히
1526,슬프지만
1532,많아서
1534,행복해용
1535,좋다
1539,같고요
1542,슬퍼요
1545,심히
1546,그랬던
1547,아닐까
1548,돈독해졌을
1554,아픈
1556,아름다웠어요
1559,유익하고
1560,좋았어
1565,다양한
1566,특이하고
1567,신선했습니다
1568,다양한
1569,있었구요
1570,있었습니다
1571,불안정한
1572,어색한
1573,불안한
1574,정확한
1575,좋았으나
1576,부족한
1577,추워서
1578,좋았지만
1579,부족했던
1581,아닌데도
1582,없게
1583,아름다운
1584,예뻐서
1585,황홀했어요
1592,재밌어용
1594,아픈
1595,아님의
1596,훌륭했습니다
1597,행복하게
1601,재밌었고
1602,없지만
1603,달랐어요
1605,완벽한
1607,작아
1609,슬프지만
1610,행복한
1612,재밌어요
1615,신기하고
1616,재밌었던
1619,있었어요
1620,있었다면
1621,따뜻하고
1622,아름다운
1623,아름답고요
1624,따뜻하고
1626,슬프지만
1628,행복했어요
1631,섬세하고
1632,예민한
1633,달랐을
1634,당하는
1635,미친
1637,궁금해져서
1639,유명한
1640,있던
1641,새로운
1643,선명하게
1646,깊었습니다
1647,재미있어요
1648,좋겠네요
1649,좋다
1650,좋다
1651,좋다
1652,좋아한다
1654,미쳐
1655,영원히
1656,즐거운
1657,좋았던
1658,행복한
1659,있길
1661,아쉽네요
1662,따뜻하고
1663,섬세한
1664,완벽했다
1665,지루하다는
1666,지루하지
1669,완벽해
1671,훌륭히
1672,거대해서
1673,어렵게
1675,완벽하고
1678,멋진
1681,아쉬웠어요
1682,이럴
1683,아쉽습니다
1684,새로운
1687,아쉬울
1689,행복한
1690,아름다워요
1691,재밌는
1693,행복했어요
1694,빠르게
1695,아름다운
1697,행복한
1699,어느덧
1702,아쉽지만
1706,힘들
1707,맑게
1708,즐거웠습니다
1709,높은
1711,대단했어요
1712,대단했어
1713,미쳐가는
1714,상관없다는
1715,신기했어요
1716,있으면
1717,좋겠습니다
1720,그런지가
1721,기대하고
1722,슬펐어요
1724,행복한데
1726,행복했습니다
1727,있겠습니다
1728,그러진
1729,아닐
1731,있기를
1732,기대해
1733,뒤늦게
1735,지루한
1736,어려운
1737,많았을
1740,많아서
1743,잔잔한
1745,아프지만
1746,따뜻했던
1747,아름다운
1748,완벽한
1749,완벽한
1750,슬프고
1751,행복하고
1753,어느새
1754,행복했습니다
1756,처절하고
1757,쓰렸지만
1759,완벽해를
1760,찬란히도
1762,가능한
1763,행복했던
1766,완벽했어요
1768,어떻겠느냐
1769,행복했어요
1770,없다는
1771,슬플
1772,아니라니까요
1773,있으면
1774,짠하고
1775,사랑스럽고
1776,고맙고
1777,좋을
1778,아름답고
1782,완벽한
1783,아쉽네요
1785,완벽해
1786,아쉽지만
1787,재밌었어요
1788,있으면
1789,아프고
1790,슬프다
1791,아팠다
1793,완벽했다
1794,슬프
1795,아프고
1800,재미있었어요
1801,중요한
1803,행복했습니다
1804,아름답고
1805,슬픈
1806,빠른
1807,있기를
1808,없네요
1810,들떠서
1811,그런지
1812,어수선한
1813,예뻤어요
1814,재밌습니다
1816,행복해지고
1817,끊임없이
1818,평범한
1819,많았습니다
1821,아름다운
1823,아름다운
1824,아쉽
1828,좋았구요
1834,슬프지만
1835,좋겠고
1836,놀라운
1838,조앗어요
1840,애틋하면서도
1841,소중한
1842,중요한
1843,있었습니다
1844,끊임없이
1846,훌륭한
1850,예쁘고
1852,위대한
1861,가난한
1862,같아서
1863,부유한
1864,원하는
1865,귀한
1866,멋있는
1867,힘든
1868,처절했던
1869,슬퍼요
1871,좋겠다
1872,가득해서
1873,안타까
1874,같다고
1875,불쌍해
1876,행복했길
1877,귀여우셨는데
1878,여렸다
1879,약한
1881,여렸다
1884,완벽해는
1886,예뻤고
1889,없지
1891,아쉬운
1892,좋았겟고
1893,아쉽고
1895,아쉬웠다
1899,있었습니다
1900,지루해질
1901,있었을
1902,탁월한
1903,있었습니다
1905,잔잔한
1907,힘들었지만
1908,아깝지
1910,아름다운
1912,고맙습니다
1914,아니네요
1916,멋지게
1917,재미있습니다
1918,좋음
1924,행복했어요
1925,따뜻한
1927,같았어요
1929,신기해서
1930,재미있게
1931,좋아하는
1937,있으면
1939,이쁘고
1940,재미있었습니다
1941,재밌습니다
1943,있었어요
1944,좋아했던
1948,깊은
1950,길은
1951,없어
1952,굉장히
1953,완전히
1954,행복하게
1956,행복했고
1957,좋아하는데
1959,아쉬운
1961,완벽해하고
1962,아파요
1963,행복했을지도
1964,어땠을지
1965,힘들지만
1966,후련하고
1967,행복했을
1969,좋을
1970,없네요
1971,잔잔하게
1972,지루한
1975,완벽한
1977,예쁩니다
1979,아님이
1981,좋았을
1982,아름다워서
1984,같은데
1985,있었어요
1986,있는데
1988,깊은
1991,있었던
1992,고통스럽지만
1993,이상하게
1994,후련해졌습니다
1995,깊어지는
1997,쓰렸고
1998,안타까웠어요
1999,아름답고
2000,차가
2001,아쉽습니다
2002,다양한
2003,좋았던
2004,완벽한
2005,잘생긴
2006,아파요
2008,좋아하는
2010,따뜻하고
2011,다정한
2015,있었다면
2016,없을
2017,그러니가지
2018,재밌었어요
2020,대단한
2023,만족합니다
2024,지루하고
2025,힘들어요
2027,미쳐가는
2029,좋았던
2033,좋았구요
2035,우울한
2037,좋더라구요
2038,기대한
2039,그렇듯
2044,진정한
2046,생생하게
2047,아님
2048,아름다웠습니다
2050,있다고
2051,아픈
2052,가난한
2053,더해졌는지도
2056,있으면
2057,황홀할
2059,아름다운
2060,아름다운
2062,아쉽네요
2063,있겠죠
2064,어렵다네요
2065,아쉬운
2066,좋겠습니다
2067,재미없어
2069,신선했구요
2070,훌륭했습니다
2071,만족했지만
2072,뻔했다는
2073,다름다
2074,좋아해서
2076,힘겨웠지만
2077,아름답고
2078,멋진
2079,고픈
2080,아름답고
2082,훌륭했습니다
2083,아쉽네요
2085,행복했
2086,유약하지도
2087,있었다고
2088,있던
2089,같지도
2090,평범하게
2091,같은데
2092,미치도록
2094,안타까운
2096,좋았던
2098,없으나
2099,있었
2100,귀여운
2104,그러고
2105,같은데
2106,있었다고
2109,있었던
2113,아쉬웠었다
2115,괜찮을
2116,좋은데
2117,좋겠다
2118,있는데
2120,아쉽고
2121,아쉽네요
2122,아름다운
2124,아름다운
2127,좋아하는지라
2128,궁금했는데
2131,불행한
2132,예뻐요
2133,좋았지만
2135,처절하고
2136,힘들게
2137,어려웠을
2141,길게
2142,있었습니다
2143,아름다운
2144,아름다운
2145,멋진
2146,가난하고
2147,외로웠던
2148,짧은
2149,아름답게
2151,아름다운
2152,아름다웠어요
2154,좋아하는
2155,설레는
2157,아닌지
2158,아파하며
2159,아픈
2161,어렵지
2162,있었습니다
2167,필요하겠어요
2172,있었다면
2175,아름다운
2176,입니
2180,슬프면서도
2182,아름답고
2183,즐거웠다
2184,어여쁜
2187,새로운
2190,피곤하여
2194,없었다
2195,아름답고
2196,처절하게
2198,따뜻해서
2199,안타깝고
2200,아프게
2201,아름다웠습니다
2206,아무렇지
2207,아름다워요
2209,멋진
2210,힘들었던
2211,아름답게
2212,같아서
2214,감미로웠어요
2218,아름다웠어요
2219,추합니다
2220,슬픕니다
2221,아름다운
2222,아름답고
2223,쓸쓸하고
2224,짠하게
2225,더해준다
2226,멋진
2227,뜨거운
2229,철저한
2230,아쉽지만
2231,입니다고
2232,슬프지만
2233,슬퍼하지
2235,솔직히
2236,없었는데
2237,자세히
2238,좋았구요
2239,있었어요
2242,재밌어요
2244,예쁘단
2247,힘들었음
2248,즐거웠어요
2251,아름다운
2252,아름다워요
2253,애틋한
2254,따뜻한
2255,재밌어요
2256,행복하고
2257,벅찬
2258,필요할까
2259,바쁜
2261,뭉클했고
2262,따뜻했고
2264,깊어졌어요
2265,선명하게
2266,안타깝게
2267,희미했던
2271,아름다워
2272,감미롭게
2275,하얀
2276,지루하지
2280,같았다
2282,괴로워
2284,짠하다
2286,없었는데
2287,고통스러운
2288,있었습니다
2289,화려한
2291,소박한
2292,아름답고
2295,없어야
2296,아름다운
2298,따뜻한
2299,훌륭한
2300,완벽한
2301,외로웠는데
2302,반해서
2304,미지였는데
2306,안타까
2307,행복하세
2308,좋았
2310,만족해요
2311,좋아하는데
2312,멋졌습니다
2313,미쳤냐
2315,미쳐가는
2319,어둡고
2320,비참했지만
2321,영원히
2326,좋아해서
2328,만족하고
2329,아쉬운
2330,저렴한
2335,좋아하는데
2336,다양한
2339,좋아해서
2341,색다르네요
2344,낮고
2345,아쉽긴
2346,멋졌습니다
2347,화려하고
2348,독특하고
2349,신기했어요
2350,멋졌고
2353,틀림없다
2354,멋지고
2358,완벽해
2359,우울한
2361,죄송하다라고
2362,엄청났다
2363,지루할
2365,멋진
2366,좋더라구요
2367,외롭다는
2370,아름다워요
2372,아니었습니다
2373,착하고
2375,아쉽다
2376,있었고
2377,있었습니다
2379,미쳤어
2382,좋겠네요
2383,솔직히
2384,아니었지만
2385,좋았어서
2386,괜찮았던
2389,신기하고
2390,재밌음
2391,슬퍼서
2392,애매함
2394,좋았어서
2396,탄탄하고
2398,편하고
2399,재밌고
2400,아파하면서
2401,아닐
2402,없다대
2404,이로웠습니다
2405,있길
2408,지루한
2409,무겁지만
2410,아름답게
2412,예쁨
2413,지루할
2416,있었습니다
2417,좋아해서
2420,즐거웠습니다
2421,즐거웠어요
2422,있었던
2424,알차게
2425,담백함을
2426,좋아했는데
2427,아쉽습니다
2433,없기
2437,대단한
2439,있었으면
2440,좋겠네요
2441,가득히
2444,기대했던
2447,아팠어요
2448,슬퍼요
2450,있던
2451,행복한
2452,아팠고
2453,서글펐다
2454,행복하게
2456,아쉬울
2459,탄탄한
2460,있었고
2462,재밌었습니다
2463,예뻐요
2464,신선했다
2465,묵묵히
2466,아름다운
2469,예쁘고
2470,예뻐
2471,넘치니
2472,아름다운
2473,이쁜
2476,좋았는데
2477,아쉽습니다
2479,없을
2480,잔잔하여
2481,있으나
2482,화려한
2483,짱짱한
2486,좋은데
2487,대단합니다
2488,좋았는데
2489,아련해지는
2490,완벽한
2491,좋아하는
2492,어렵게
2495,좋았는데
2499,근사합니다
2500,예뻤습니다
2501,슬퍼
2502,귀엽고
2503,슬픈
2504,있나요
2505,힘들었을
2509,좋으면서도
2510,힘드네요
2511,어마어마하시더라구요
2514,처절히
2515,다정한
2516,좋아하는
2518,예쁜
2519,뭉클한
2520,있었습니다
2521,아니였나요
2522,같지
2524,재미있게
2526,같았어요
2527,신기한
2528,즐거웠습니다
2529,굉장히
2530,잔잔한
2531,아니더라구요
2532,굉장히
2533,있었
2535,씁쓸했어요
2536,재미있지는
2538,예뻐
2540,시끄러운
2541,시끄러웠어요
2542,아름답고
2543,아름다웠습니다
2545,추합니다
2546,추합니다
2547,추합니다
2548,추합니다
2549,추합니다
2550,추합니다
2551,추합니다
2552,추합니다
2553,추합니다
2554,추합니다
2555,추합니다
2556,추합니다
2559,슬프고
2560,아름답고
2561,느끼해
2565,같은데
2566,아니지만
2568,솔직히
2570,같아서
2571,훌륭한
2575,뿐임에도
2576,허전함
2578,아름다운
2579,깊네요
2581,있었던
2583,아프다
2585,아름다운
2586,얼얼하네요
2587,재밌어요
2588,좋다
2590,재밌었어요
2592,좋게
2593,재밌었어요
2598,추워서
2600,재미있어요
2601,같았어
2602,미쳐가는
2603,아팠고테오
2604,신선했어요
2605,신기했어요
2606,많은데
2607,좋다
2608,비슷하고
2609,적절한
2610,다양한
2611,좋아하는
2612,좋다
2613,예쁜
2615,예쁜
2616,재밌었어요
2618,신선했어요
2619,예쁘고
2621,예쁘고
2623,미쳤어요
2624,아름답게
2625,좋았지만
2626,힘들었던
2627,즐겁
2628,우울한
2629,강하고
2630,괴로워하는
2632,아니예요
2633,밋밋하고
2634,딱딱하고
2635,불편하여
2636,좋아해서
2638,기대하지는
2639,예민하고
2640,여려
2641,편하게
2643,없어
2644,아쉽다
2645,처절하고
2646,고통스런
2647,불편했다
2649,있었습니다
2650,아쉽습니다
2654,있었습니다
2655,있는데
2658,슬퍼요
2659,시리도록
2662,힘든
2665,괴로워
2666,아프다
2667,아름답고
2668,슬픈
2669,슬퍼서
2676,좋아하는데
2677,좋아하는
2679,엄청나네요
2682,진하게
2684,아프고
2685,불쌍하고
2689,있었어요
2690,예쁘고
2692,아름다웠고
2694,좁아진
2695,아쉽지만
2696,변하지
2697,애틋하고
2698,진실되서
2699,좋아하는
2701,슬퍼
2704,엄청납니다
2705,아름답고
2708,아름다운
2711,아파하며
2714,멋있어요
2716,완벽한
2718,그렇구나
2719,아쉬웠습니다
2721,더라고요
2723,있는데
2724,좋겠습니다
2725,좋아여
2726,아름다운
2728,새로운
2730,슬프고
2731,애틋합니다
2732,뛰어난
2733,아름다운
2734,풍부하게
2736,같았어요
2741,이뻐요
2744,따뜻하고
2745,아름다운
2747,소중한
2748,어른스러워진
2750,따뜻하게
2751,같았던
2752,멋진
2754,아프고
2755,힘든
2756,많은데
2760,있었고
2762,예쁘고
2766,아슬아슬하고
2767,재미있었어요
2769,처절한
2770,재밌습니다
2771,있고요
2772,확실히
2775,슬픈
2778,슬퍼요
2779,예쁘고
2782,혼미합니다
2783,짠함과
2784,무서울
2786,민망해요
2790,예쁘고
2793,아쉬웠는데
2794,차가
2796,행복하거든요
2797,행복하거나
2798,아니지만
2801,그렇구나
2802,뽀송하게
2803,다행히
2805,없었습니다
2807,다르지만
2808,다름이
2812,안타깝
2813,대단하기도
2814,같다는
2815,있었기에
2816,아닌가
2817,슬픕니다
2818,아름다웠어요
2819,멋지고
2821,예뻐요
2822,가득했어요
2825,없었는지
2828,없고
2831,심하게
2832,아니라는
2833,다행히
2834,뿐이네요
2836,아쉬운
2837,많았다
2838,같아서
2841,아프네요
2842,있던
2843,아름답고
2844,재밌습니다
2845,슬펐습니다
2848,있나요
2849,사랑스러운
2850,아름다운
2852,있다는
2853,징징댐
2854,이쁘고
2857,진한
2858,아름답고
2859,멋진
2860,좋으신
2864,행복했어요
2869,있었고
2873,있다면
2874,슬퍼하지는
2875,소중한
2876,기쁨이었으니
2878,다정하기는
2880,많아서
2881,있었습니다
2885,불행한
2886,착하고
2887,선하고
2888,심약한
2889,아프게
2890,엄격했던
2892,슬펐습니다
2893,이렇게도
2894,힘들고
2895,슬플수가
2897,속상하네요
2899,불행한
2900,괜찮다
2901,괜찮다
2902,좁아서
2903,불편했음
2905,좋았는데
2906,재미있었는데
2907,재미없으셨다
2908,멋지고
2909,새로운
2910,색다른
2912,새로운
2913,있던
2914,멋진
2916,유명한
2917,좋았네요
2919,행복했고
2920,불행했던
2921,예뻐요
2922,완벽하다고는
2923,없지만
2924,있었어요
2926,아쉬웠어요
2929,신기하고
2931,힘들었지만
2932,멋지고
2934,예뻐요
2935,멀지
2938,차가
2939,좋아했습니다
2940,좋아했습니다
2946,아쉬워요
2948,행복했습니다
2949,멋있었습니다
2953,재밌어요
2954,입니다요
2956,재밌어요
2957,없는데
2958,따뜻한
2960,많네요
2961,영원하라
2962,슬퍼요
2963,빠른
2964,부탁드려요
2966,즐거웠습니다
2968,재밌고
2969,좋지만
2970,아쉬운
2971,신기했고
2972,색다르게
2975,멋진
2976,독특한
2977,재미있는
2978,미친
2979,괴로워졌어요
2980,안쓰럽
2981,예쁘셔서
2982,실패하지
2983,아름다운
2984,잔잔한
2985,엄청난
2986,당했던
2987,유쾌할
2988,유쾌하고
2989,짱짱한
2990,반가운
2991,가볍게
2992,묵직한
2993,힘들었네요
2994,아름다운
2995,미를
2996,없으므로
2998,소중함과
3000,솔직히
3001,아쉬운
3002,없었다고
3003,없지만
3004,소중한
3006,같았다
3007,무겁게도
3010,우울해서
3011,행복하게
3013,편안하기도
3014,좋게도
3015,환하게
3017,좋았던
3019,좋았던
3020,깔끔하게
3021,같았다
3022,좋을
3026,아름다운
3027,감미로운
3028,행복하네요
3029,좋은데
3030,좋겠네요
3031,아름다운
3032,충실하게
3033,멋진
3034,안타까울
3037,아름다운
3040,신기하고
3041,아름다웠습니다
3042,특별한
3043,없지만
3047,없었는데
3048,재밌던
3049,좋아하는
3050,멋있는
3053,스럽네요
3054,아름다운
3055,행복해지고
3056,더해지는
3057,같았어요
3059,독특하여
3060,있었고
3061,다양한
3062,새로웠습니다
3064,예뻤습니다
3066,행복했어요
3067,같음
3068,독특하고
3069,재미있습니다
3071,아름다운
3072,많네요
3073,아팠지만
3074,아름답게
3077,좋아하는
3078,아름다운
3081,예쁜
3085,재밌었어요
3087,좋아하고
3088,안타까워하는
3090,아쉽네요
3092,재미있게
3093,유명하신
3094,새롭네요
3095,잔잔하면서도
3096,멋진
3097,예쁘다고
3098,좋아하면
3099,아름답고
3101,좋아하는
3104,완벽했던
3105,좋아했는데
3107,예뻤고
3114,행복하길
3115,지루한가
3116,신기하고
3117,멋있었습니다
3118,좋을
3120,신기하고
3122,반가웠지만
3124,좁아지니
3126,아쉬워졌다
3128,드라마틱한
3129,가득한
3130,아름다운
3131,신선하고
3132,좋았지만
3133,없내요
3134,새로울
3136,강하게
3137,예쁘고
3138,예뻐요
3139,슬프지만
3140,아름다웠던
3141,깊게
3143,멋졌어요
3144,좋으시고
3145,장난스러운
3147,짧지만
3148,정확하게
3150,좋아하는
3152,즐겁고
3153,즐거운
3154,아름답고
3155,예쁘고
3156,멋진
3161,너무해요
3163,완벽한
3164,있었던
3165,지겨우
3166,따뜻한
3167,따뜻하라고
3169,허전했어요
3170,허전함은
3172,어마어마한
3174,완벽한
3176,괜찮은
3177,진지하면서도
3178,재미있고
3179,그러면서도
3182,분노하게
3183,끊임없는
3185,고통스러워하던
3187,다양한
3188,아름다운
3189,아름다운
3190,행복한
3191,좋았던
3196,분노하게
3197,끊임없는
3199,고통스러워하던
3201,다양한
3203,원했던
3204,아팠어요
3205,따뜻한
3207,아름다운
3208,좋구요
3211,중요할
3212,같습니다만
3213,다름없었고
3216,좁아졌지만
3218,좋고요
3219,우울했어요
3220,아프고
3221,시렸다
3222,멋있고
3226,정확히
3228,뿐인데요
3231,고군
3232,있었던
3233,궁금해진
3234,수많은
3235,따뜻한
3236,분명히
3237,따뜻하고
3238,다정했을
3239,무모함과
3240,대범함에
3241,분분한
3242,젊고
3243,아픈
3244,아픈데
3245,다르게
3246,같았어
3247,감미로운
3250,알쏭달쏭한
3251,아름다운
3253,없더라구요
3254,궁금한
3255,많았을
3256,대단했어요
3257,좋았구요
3259,멋진
3260,굉장히
3263,행복했음
3265,아름다운
3266,슬프지만
3267,슬프지는
3268,아름다운
3271,처절한
3272,힘들었다
3277,엄청난
3280,아쉽다
3281,섬세한
3282,좋다
3283,재밌습니다
3284,아름답네요
3286,완전한
3287,있었습니다
3288,편하고
3289,멋있습니다
3291,아름다
3292,하얀
3293,멋있었습니다
3294,슬프네요
3295,행복합니다
3301,힘들었어요
3302,그리워질
3303,예뻐서
3304,슬픈
3305,같으면서도
3308,무겁지도
3309,가볍지도
3310,좋았고요
3311,아름다운
3316,좋아하는
3317,신기했어요
3318,미친
3319,멋있어
3320,만족하고
3322,완벽하게
3324,아름답고
3325,황홀했어요
3326,아쉬운
3327,다르다
3331,좋을
3333,좋아하기도
3334,반해서
3337,기대했던
3338,없고
3341,아깝겠다며
3342,기대했던
3343,괜찮게
3344,상당히
3345,예뻐요
3351,재미없고
3352,아쉬웠습니다
3354,아팠습니다
3355,굉장히
3356,새로웠고
3357,만족하는
3359,아프지만
3360,따뜻해지는
3362,좋아하지만
3363,괜찮게
3364,익숙하게
3365,있었던
3366,아름다운
3367,힘들었을까
3368,있어라는
3369,지루하지
3370,새로운
3373,슬픈
3374,아닌가
3375,궁금했는데
3376,대단하십니다
3379,잘생겼다
3380,미친
3381,가난한
3383,따뜻했고
3384,많으며
3385,아름다
3386,같았다
3387,반듯한
3388,미치게
3389,아니었던가
3390,깊어서
3391,힘겨운
3392,있지는
3393,강해
3394,만족하지만
3395,처절한
3396,행복했다
3397,힘들고
3398,어려웠으나
3399,아름다운
3400,분명했다
3401,그렇기
3402,슬프고
3403,아파서
3405,고픈
3406,간절해지는
3407,예쁘네요
3410,따뜻하고
3412,신선하고
3413,아름다워서
3414,깊었어요
3415,평범하고
3416,가난한
3417,재밌어요
3419,재미있어요
3421,있나
3422,예쁘고
3424,아름다운
3426,멋지다
3427,예민하고
3429,아쉽네요
3430,깊었던
3431,좋았음
3432,예쁘고
3435,솔직히
3436,짜증납니다
3440,아님의
3442,깊었어요
3443,깊게
3448,예뻐여
3449,좋구
3450,새로운
3454,새로운
3456,색다른
3457,아쉬웠던
3459,어지러워서
3460,필요할
3462,아무렇지
3463,잔잔하고
3464,잔잔하고
3465,잔잔해요
3467,잔잔한
3468,아쉽네요
3470,아니겠죠
3472,재미있어요
3474,재미있는
3476,재미있는
3478,재미있는
3482,설레는
3486,완벽한
3487,확고해졌다
3489,굉장했어요
3493,완벽했고
3495,필요하다고
3496,이상한
3497,그러더니
3498,있었던
3499,행복했다
3502,깊어졌
3503,흥미로운
3504,미치는
3505,아쉬워
3506,그만한
3507,재미있는
3508,재미있게
3511,즐거웠어요
3512,좋있습니다
3514,행복했어요
3515,아니었습니다
3516,더라구요
3517,다양한
3518,좋을
3519,같다는
3521,있었습니다
3522,아름다웠습니다
3523,없었던
3524,신기한
3525,가득히
3531,아파서
3533,행복하고
3534,섬세한
3535,행복한
3536,완벽한
3538,미친
3539,아닙니까
3541,어렴풋하게나마
3543,어렴풋하게나마
3545,어려운
3547,없었던
3548,불행한
3549,불행한
3550,다양한
3551,예뻤고
3553,깊었어요
3554,낮은
3558,아쉬운
3563,자리였어서
3564,화려하고
3565,다양한
3566,있었어요
3568,따뜻하게
3569,있었어요
3570,싫을
3571,좋았아요
3572,버거울
3573,아프
3576,새로웠구요
3578,재밌었어
3580,불쌍하지만
3581,멋진
3584,예뻐서
3586,만족스럽고
3587,높은
3588,유쾌하면서도
3589,슬프게
3591,색다른
3592,멋진
3594,좋겠습니다
3595,따뜻한
3596,재밌어요
3597,재미있었습니다
3601,멋진
3603,아쉽지만
3605,고소해도
3606,없을
3607,무례한
3609,좋아하는
3610,안타까워하며
3611,있는데
3612,아닌가
3613,아닐까
3614,좋았다만
3616,아니라고
3618,미친
3619,친절하게
3620,아니고
3621,신선했으나
3622,아쉬운
3623,고마워요
3624,미쳤다
3625,미쳤어
3626,대단했고
3627,좋더라
3629,황홀해요
3630,대단해서
3631,아름다워서
3632,슬퍼서
3637,행복했고
3639,좋겠습니다
3640,없었고
3641,그리웠습니다
3642,예쁘고
3644,심각하게
3648,벅찼습니다
3649,아름다웠고
3650,이쁘고
3652,필요할
3653,아닙
3654,미까
3655,아름다운
3656,아쉬운
3657,없었습니다
3658,슬퍼서
3659,따뜻하고
3660,유쾌하고
3661,즐겁지만
3664,있었구나
3665,수많은
3666,즐겁게
3667,복잡한
3668,아쉬운
3670,없었다
3673,아닌가
3674,예쁘고
3677,좋아여
3678,좋겠네요
3679,잔잔한
3680,화려한
3681,마라
3683,유명한
3684,다양한
3686,있었으면
3687,좋겠습니다
3689,행복하고
3690,없을
3694,훌륭했어요
3695,당연하게
3697,좋았던
3698,있으면
3701,즐거웠습니다
3703,재미있었다
3704,행복하고
3705,행복했어요
3708,만족스러운
3709,슬펐습니다
3710,많아서
3711,기대했던
3712,미쳐서
3713,실망했지만
3715,멋진
3716,계셔서
3718,가능한
3719,속상하더군요
3720,아쉽네요
3721,화려하고
3722,대단하고
3726,벅차네요
3727,있었고
3729,행복했습니다
3730,슬퍼
3731,아름다워요
3732,남달랐네요
3733,그랬어요
3734,많겠지만
3737,반가웠고
3738,많으셨습니다
3739,남달랐네요
3740,그랬어요
3741,많겠지만
3744,반가웠고
3745,많으셨습니다
3747,아쉽네요
3749,아쉽
3750,영원히
3751,영원히
3755,고마웠어요
3759,없었어요
3760,아쉬운
3763,있겠습니다
3764,아쉬워요
3765,어마어마하더군
3766,없고
3767,행복했습니다
3768,빠르게
3769,착했었음
3771,행복했고
3772,즐거웠던
3774,좋겠습니다
3775,눈부시게
3776,아름다운
3777,조아용
3778,있으나
3779,좋아하는데
3781,행복했어요
3782,좋아하는데
3783,기대합니다
3784,멋지지만
3785,이쁜
3787,좋아하는
3788,재밌습니다
3789,예뻐요
3790,아름답고
3791,슬프고
3792,따뜻한
3793,있나
3796,아쉽네요
3800,아름다웠어요
3805,완벽했다
3806,빠른
3807,달랐다
3809,어떨
3810,여려지고
3811,어떨
3812,천진해진다
3813,있다가
3814,예쁘고
3815,화려하다
3816,좋겠다
3818,화려하지
3819,화려함을
3820,있나요
3821,괜찮아난
3822,괜찮아
3823,좋았으나
3824,고맙습니다
3825,예쁩니다
3826,아쉬운
3828,아팠어요
3830,행복한
3831,입니다고
3832,깊어요
3833,고맙습니다
3834,없네요
3835,인해
3836,새로운
3837,고맙습니다
3838,있으면
3840,멋진
3841,멋진
3845,있다이
3847,좁은
3848,없이도
3850,있었던
3852,어떨지
3853,충분히
3854,아쉬웠던
3855,좋았을
3859,불편했다
3861,없었다
3862,좋았던
3866,멋집니다
3868,좋다라는
3869,부족합니다
3870,완벽한
3872,아쉽기만
3874,절묘하게
3875,있는데
3876,그러
3877,어마어마하군요
3878,지루하다는
3879,참신하기
3882,아니지만
3886,섬세한
3888,유명하지만
3889,재미있고
3891,좋았다고
3892,아닙니
3893,안타깝고
3894,슬퍼서
3896,특이하고
3897,좋았던
3899,굉장히
3900,새로웠고
3901,계시다면
3902,신기하기도
3903,아름다웠습니다
3904,좋았던
3905,아니었지만
3906,부러웠고
3907,좋겠다는
3909,있는지에
3913,아닌가
3915,아름다웠습니다
3916,좋았지만
3918,많아서
3920,아쉬웠습니다
3921,분합도
3923,슬프네요
3924,더해줘요
3925,성하고
3926,화려한
3927,스러웠네요
3928,깊었습니다
3929,대단하네요
3930,평탄하지만은
3931,쓸쓸하고
3932,슬펐던
3935,같아서
3937,좋았던
3942,아쉬워지는
3944,좋아해서
3945,신선했고
3946,멋졌습니다
3947,흥미로운
3948,있었네요
3949,슬프고
3950,아름다운
3951,멋졌습니다
3952,아름다워요
3954,고마웠어요
3956,멋져서
3957,멋졌습니다
3958,지루할
3959,화려한
3962,흥미롭습니다
3963,재미있게
3965,힘들게
3966,지루하고
3968,외로웠구나
3970,아팠겠구나
3972,깊게
3975,재밌고
3977,잔잔하면서
3978,좋더라
3980,아름다운
3981,굉장한
3982,즐거웠습니다
3984,아름답고
3987,있냐
3988,있음에도
3989,있었구나
3990,미안하고
3991,슬퍼졌습니다
3992,괴롭게
3994,없었는지
3996,행복하게
3999,있었음
4001,재밌고
4002,대단합니다
4003,아프지만
4004,행복하게
4005,있던
4006,부끄럽게
4007,많네요
4008,신선하게
4010,꾸준히
4011,처절함이
4012,좋았던
4013,멋진
4014,반했던
4015,없었다
4017,좋구나
4019,다르게
4020,친한
4021,아름다우
4022,멋진
4025,있었으니
4026,기대할게요
4029,같지
4030,그랬다
4031,오래된
4032,있기를
4034,완벽해를
4035,소중히
4036,고마워요
4038,추합니다
4039,재밌었어요
4040,재밌었어요
4041,아팠습니다
4042,재밌어요
4044,슬프지만
4045,인해
4046,행복했었다는
4049,탄탄한
4050,밋밋하다는
4054,아쉬워요
4055,멋지고
4056,세련된
4057,좋았
4059,재밌고
4061,유명한
4062,없었는데
4064,벅찬
4066,아쉬워요
4067,있었어요
4069,아름다워서
4070,없으신
4071,좋아하고
4072,처절했던
4080,궁금해서
4083,색다르고
4084,신기하게
4086,거창한
4087,충분히
4090,섬세했고
4093,신선하고
4096,멋졌습니다
4101,좋았구요
4102,좋아하는
4103,입니다테오
4104,없더군
4105,달랐을
4106,완벽히
4107,근엄함과
4108,좋던지
4113,예쁜
4114,단순히
4117,진지하고
4118,깊은
4119,멋진
4120,더하여
4121,단순히
4122,완전히
4123,새롭게
4124,멋진
4125,같다고
4126,답답하고
4127,답답했지만
4130,행복했던
4131,슬프게
4135,재미있는
4137,지루하지
4138,다양하고
4141,담담한
4142,단순한
4143,화려한
4144,불필요한
4145,부족하여
4146,기대한
4148,급하게
4152,높은
4156,힘든
4157,있어도
4158,깊은
4160,있다는
4161,그런지
4162,없고
4163,그렇고
4164,멋있음
4166,멋있고
4167,아쉬울
4168,멋있는
4171,좋아해요
4172,즐겁게
4174,색다른
4176,좋앗
4178,없었지만
4179,단조롭지만
4180,은은하게
4182,없는데
4183,싫은
4185,멋진
4187,좋아하는
4188,미는
4189,어떨까
4190,궁금했는데
4191,특별한
4192,박한
4193,있기를
4195,아닌데
4197,아쉬운
4198,많아서
4199,안타까웠는데
4200,좋아했지
4201,짠하기도
4203,안타까웠습니다
4204,느린
4205,아니었는데
4206,지루했습니다
4209,있구요
4210,기대하지
4212,없었어요
4216,좋았던
4217,뿐입니
4218,아쉽네요
4220,신기하고
4221,생생하게
4224,있는데
4225,대단한
4228,행복합니다
4230,기대할께요
4233,새로운
4234,아닐까
4235,불쌍한
4237,슬펐습니다
4238,버거워하는
4239,미안하면서도
4240,괴로워하는
4241,좋아하던
4242,미는
4244,흠잡을
4247,아쉬웠어요
4248,멋지고
4249,슬픈
4251,있던
4255,없다는
4256,아쉽네요
4258,있었던
4259,똑같고
4260,미흡해서
4261,지루한
4262,있었습니다
4268,영리하게
4271,솔직히
4272,이뻐서
4278,좋게
4279,좋으신
4280,격해지는
4281,있는데
4282,솔직히
4283,아닐까
4285,있겠습니다
4290,환히
4292,풍부한
4294,깔끔하면서
4295,있답니당
4296,재밌어요
4298,예쁩니다
4299,예쁘게
4301,슬프지만
4302,따뜻하게
4303,행복한
4304,어렵네요
4305,아름답고
4308,심하고
4319,예쁜데
4320,예뻤습니다
4321,뛰어난
4323,평범한
4328,좋지
4329,아니한
4330,치열하기가
4331,굉장히
4332,정확하게
4333,높은
4335,사소한
4336,영리한
4337,밤늦도록
4338,많아요
4339,잔잔해지는
4340,음울하기까지
4341,굉장히
4342,가능한
4346,완벽한
4347,역이었어요
4348,미쳐
4349,소중히
4350,아팠던
4351,박한
4352,따스함이
4353,척박했기에
4354,행복한
4355,좋아해서
4356,신선하고
4357,색다른
4358,아름다워서
4359,즐거웠어요
4362,불우했던
4363,참신한
4368,불우했던
4369,참신한
4372,거창한
4373,소박하고
4374,낮은
4375,쓸쓸하게
4376,슬퍼지네요
4377,행복한
4378,슬퍼요
4379,외롭지만
4382,어색한
4384,약했던
4385,아쉽네요
4386,다르더라구요
4387,부럽
4388,재밌어요
4389,안타까운
4390,재미있어요
4391,아프기만
4392,아프다
4393,불쌍해
4394,대단한
4395,슬픈
4397,아름다운
4399,좋아하는
4402,예뻐요
4403,행복한
4404,있었습니다
4405,박한
4408,같지만
4411,궁금하였는데
4412,작아
4413,어려웠던
4415,지루한
4417,신선하였습니다
4418,좋다
4420,완벽해
4422,있으면
4424,아름답고
4425,짠해서
4427,견고해서인지
4428,어색하기는
4429,괜찮았어요
4430,아프고
4432,그랬어요
4433,좋았었는데
4435,짱짱해지는
4437,좋다
4438,부족하거나
4439,넘치지
4440,이상하게
4441,슬펐다
4443,그랬는지
4444,슬프고
4445,즐겁고
4446,행복하다가도
4447,슬펐다테오에게
4448,미안해
4449,싫어져
4453,피곤했는데
4454,예뻤어
4455,재밌어요
4458,좋았던
4462,치열하게
4465,좋다
4466,있던
4467,그런지
4472,좋겠다
4473,색다른
4474,좋겠다
4475,아름다운
4476,없을
4477,같았어요
4480,예쁘고
4481,예뻤어요
4482,좋아해서
4484,예뻤어
4485,좋으시구요
4487,섬세한
4488,아름다운
4490,행복했어요
4491,있었기
4492,깊게
4494,좋게
4497,정확한
4498,어려운
4499,근접하게
4500,흔하게
4501,넉넉한
4502,싱겁게
4503,힘들게
4505,흔히
4506,그러듯
4507,어수선한
4510,짧다
4512,없었다
4513,길다
4514,길게
4515,있기
4518,어려웠을
4519,없지만
4521,흔하지
4524,비슷했다
4526,성공한
4527,쉬운
4530,얇다
4532,열악한
4533,다러
4535,굉장한
4536,만족했기
4537,깊게
4538,아닌데
4539,훌륭하게
4540,궁금해졌다
4545,중요한
4547,안전하게
4549,풍부한
4550,젊고
4552,산만한
4553,얄팍한
4554,얄팍한
4555,뻔히
4557,없었을
4558,다러
4561,기대했던
4562,좁긴
4564,간단하게
4565,심심하게
4566,있겠다
4567,있었던
4570,가까운
4571,평범한
4572,독특한
4573,평범한
4581,익숙하면서도
4582,정확하게
4583,불우한
4584,친숙하면서
4585,심심하지만
4586,충실한
4587,세련된
4588,뛰어나게
4589,평범한
4590,뻔한
4591,아닌가
4594,아닌데
4596,절묘해서
4597,멋지게
4598,새롭게
4599,우스꽝스럽고
4600,진지한
4601,풍부하게
4602,어색한
4603,영리하게
4604,좋을
4606,있기에
4607,굉장히
4608,뛰어나고
4609,선명해서
4612,새롭게
4614,괜찮을
4615,같다는
4616,그런지
4617,신선함은
4618,없네요
4620,힘들
4621,탄탄한
4624,같았어요
4625,건강하게
4626,아름다운
4627,아름다운
4628,있으면
4629,슬프고
4630,아름다워
4631,간절하다
4632,아름다운
4633,있으면
4634,슬프고
4635,아름다워
4636,간절하다
4637,아름다운
4639,대단하고
4641,멋진
4645,대단했다
4646,아름다운
4647,실패했던
4649,같으면
4650,관대하지
4651,엄격하고
4652,우울한
4653,힘들었으나
4655,좋았을
4657,무의미한
4658,아니었다
4659,딱한
4661,힘겹게
4663,아니라고
4666,변하지
4667,드라마틱하고
4668,파란만장한
4672,자연스럽고
4676,기대하며
4677,섬세한
4678,멋진
4679,멋졌습니다
4680,슬퍼요
4681,애틋한
4683,있었습니다
4684,불안함과
4685,설렘이
4686,행복하게
4687,아쉬웠습니다
4688,좋아하는
4690,괴로워하고
4694,같았습니다
4696,성실하게
4700,뭉클하고
4701,행복해졌습니다
4702,가득히
4703,행복하게
4704,행복해졌으면
4705,좋겠다고
4706,있는지
4708,좋은데
4709,없네요
4710,잘생겼다
4715,드물었던
4716,같은데
4717,신기하고
4719,재미있었어요
4720,행복했습니다
4721,굉장히
4722,많지
4723,인해
4724,있었던
4728,원하신다면
4730,원하신다면
4731,간절함이
4732,필요한
4733,가난한
4734,슬프며
4738,생생하게
4739,탄탄한
4740,아프게
4741,멋진
4742,행복했습니다
4743,지루한
4746,새로운
4748,있다는
4749,신기할
4750,잔잔하게
4751,다정하게
4752,적절하게
4753,예쁘게
4754,따뜻한
4755,어색함
4756,행복한
4757,불행한
4758,힘든
4759,행복해
4760,좋았고요
4761,즐겁게
4763,아름답습니다
4765,슬플
4767,만족스런
4768,신기하고
4769,멋졌습니다
4771,아름다운
4772,멋있는
4773,황홀한
4774,좋았는데
4775,간단히라도
4777,그러지
4781,재밌어요
4783,아름다운
4784,같았던
4786,고마웠어
4787,깊게
4788,위대한
4790,같았습니다
4791,인해
4792,아파도
4793,행복했던
4794,있었습니다
4795,아름다웠습니다
4796,강하게
4800,인해
4801,아쉽다
4802,단순하고
4803,하얀
4804,화려한
4805,벅차올랐어요
4807,화려하게
4808,행복한
4809,만족스럽습니다
4810,깊게
4816,다르게
4817,간단한
4818,아름다웠고
4820,예뻐서
4821,스러울
4822,아팠고
4824,있는데
4827,새로운
4829,스러워
4830,아프고
4831,좋다면
4832,깊어
4833,아니지만
4837,어색했지만
4838,예쁘고
4840,섬세한
4841,젊은
4842,노래시
4843,원해서
4845,아쉬웠던
4846,실패하고
4847,몰두하게
4848,미칠
4849,없었던
4851,달랐다
4852,기대했던
4853,어땠을까
4854,아름다운
4855,행복해
4857,완전히
4858,같아서
4860,당연히
4863,완전히
4866,아름답고
4867,있었습니다
4868,성한
4869,있겠지만
4870,단순히
4873,멋있었어요
4874,조화롭게
4875,강했습니다
4878,있으면
4879,좋겠습니다
4881,좋아해서
4882,가득했었는데
4884,없었던
4885,유쾌하고
4886,스러울
4887,확실히
4888,재밌었고
4889,슬픈
4890,슬펐고
4892,진한
4893,훈훈함까지
4894,깊은
4895,연히
4896,뛰어나다
4897,당했던
4899,멋집니다
4900,뛰어난
4901,안타깝고
4902,안타까웠어요
4904,아무렇지
4906,멋진
4907,즐거운
4908,탄탄한
4909,만족스러운
4910,지루하지
4914,잔잔하고
4915,없고
4916,흠잡을
4918,만족스러웠어요
4919,변해
4920,좋을
4921,탄탄한
4922,만족스러운
4923,지루하지
4927,잔잔하고
4928,없고
4929,흠잡을
4931,만족스러웠어요
4932,변해
4933,좋을
4934,탄탄한
4935,만족스러운
4936,지루하지
4940,잔잔하고
4941,없고
4942,흠잡을
4944,만족스러웠어요
4945,변해
4946,좋을
4948,있었네요
4949,화려하고
4950,복잡한
4951,없이도
4952,아름답게
4953,잘생겼다
4954,없을
4955,가깝구요
4956,만족합니다
4957,괜찮아서
4959,황홀했습니다
4960,좋은지
4961,말라
4962,지루해서
4963,지루할
4964,있는지
4965,좋을
4967,좋았구요
4968,많아서
4973,아름다운
4974,감미롭게
4976,어땠어
4978,슬펐던
4979,같았습니다
4980,훌륭했고
4981,대단했고
4982,없을
4987,좋았습니다만
4988,아쉬웠습니다
4989,성하지
4990,똑같은
4992,다양하게
4993,어떨지
4994,날카롭습니다
4995,없었습니다
4996,편하지
4997,독특하네요
4998,깊은
4999,좋았음
5000,슬퍼서
5002,잔잔한
5006,좋앗습니다
5007,위대한
5008,아름다운
5009,없어서는
5010,없어서는
5011,있었을
5012,아름다운
5016,약하면서도
5017,격렬하고
5018,있으면서도
5019,순수함이
5020,가득한
5021,강렬한
5022,좋았을
5024,아름답고
5025,아름답고
5026,아름답고
5027,아름다워요
5028,그런지
5029,지루할
5030,같다라고
5031,아닙니다
5032,있다고
5035,완벽해
5037,많았던
5040,그런지
5041,지루했어요
5043,아쉽
5044,기대했는데
5045,자만하신
5046,안타깝네
5048,멋지고
5049,멋진
5050,가볍지도
5051,무겁지도
5052,진중하게
5054,없고요
5057,다르게
5058,깊게
5059,즐겁게
5061,멋있어요
5062,있는데요
5063,탄탄한
5064,만족스러운
5065,지루하지
5069,잔잔하고
5070,없고
5071,흠잡을
5073,만족스러웠어요
5074,변해
5075,좋을
5076,약한
5079,찡하며
5080,뭉클하더라
5081,있었던
5082,무겁거나
5083,가볍거나
5084,적절하게
5086,좋을
5087,같다는
5089,즐겁고
5090,뿌듯해하니
5091,궁금하다며
5092,예뻤구요
5093,재미있었어요
5094,어둡고
5095,우울하지만
5096,있으셔서
5097,완벽한
5098,멋져요
5101,예뻤고
5102,멋졌어요
5103,아름다운
5106,멋있는
5107,예뻤구요
5109,좋을
5110,아름답습니다
5111,좋을
5112,아름답습니다
5113,좋아하던
5114,좋아하는
5116,재밌는
5119,재밌
5120,슬퍼진다고
5122,슬플
5123,뿐입니다
5127,수많은
5128,멋진
5131,새롭게
5139,독특한
5140,깊어요
5143,아름다웠습니다
5144,그런지
5145,익숙하고
5146,그리운
5150,조하요
5152,재미있었습니다
5155,좋아하던
5157,아름다웠던
5160,그런지
5161,다정함이
5164,좋았던
5167,재미있는
5168,다양하게
5170,굉장히
5173,좋은데
5174,힘들었어요
5176,멋진
5180,진실하고
5181,아프도록
5182,따뜻한
5183,깊은
5184,소중함에
5187,멋지다
5189,다르시더라
5192,좋아하던
5193,좋더라구요
5194,그렇듯
5196,아쉬워요
5197,탄탄한
5198,만족스러운
5199,지루하지
5203,잔잔하고
5204,없고
5205,흠잡을
5207,만족스러웠어요
5208,변해
5209,좋을
5210,멋진
5211,입니다고
5212,있기도
5213,영원한
5216,있었다면
5217,이렇겠다
5219,차가운데
5220,따뜻하고
5221,시린
5222,뜨거웠던
5223,고마웠어요
5226,재밌
5227,행복하길
5228,있다는
5230,있었습니다
5233,없게
5235,가볍게
5236,멋진
5239,좋다
5242,희와
5248,좋았다면
5249,어땠을까
5250,많습니다
5251,좋아여
5252,재밌어여
5253,따뜻하고
5254,조아요
5255,넘치는
5256,시원찮습니다
5258,신기하고
5260,재미있어요
5261,즐겁다고
5263,화려한
5268,필요할
5269,그랬을까
5271,없던
5273,기대한
5274,재미있었습니다
5275,멋지세요
5276,중요한
5277,멋지구
5278,중요합니다
5280,벅차올랐습니다
5284,있던
5285,아름다웠습니다
5287,좋았으나
5288,아쉽습니다
5289,신선한
5291,어떨까
5292,없지는
5293,지루한
5294,없지
5296,지루하게
5298,재밌는
5301,완벽한
5302,아깝지
5303,많았어
5304,멋지고
5305,대단하시고
5306,귀엽고
5307,좋았던
5309,멋진
5310,아쉬웠습니다
5312,아쉽네요
5315,좋았네요
5316,기대하고
5318,아니라고
5321,없었던
5323,없었습니다
5324,재미있어요
5325,없었다
5326,아름다운
5327,안타까운
5330,유일한
5331,아닐까
5333,아름다웠다
5334,없던
5336,세련되지는
5337,은은하고
5339,훌륭합니다
5340,뛰어나고
5342,하얀
5343,엄청난
5348,기쁩니다
5349,좋아하는
5352,좋아하는
5353,좋았던
5355,다를
5357,찡한
5359,박한
5360,괜찮은
5362,좋아하시는
5363,좋아하시는
5365,좋구요
5367,좋아하는데
5368,아름답게
5373,아름다운
5376,박한
5377,미치는
5378,힘들었던
5379,아름다운
5380,예쁘고
5381,신기하고
5384,힘들었어요
5385,좋았을
5386,같은데
5387,재미있게
5389,아름다
5390,예뻐
5392,훌륭한
5395,분명하게
5396,분명하게
5399,있군
5400,안타까워
5401,있었으면
5402,예쁘고
5404,천진함과
5405,선한
5407,산만함으로
5408,아쉬웠다
5409,좋구
5410,예뻐요
5411,좋았던
5413,좋았고요
5414,좋아하지
5416,좋구요
5419,아쉽네요
5421,못지않게
5422,흥미롭게
5424,유쾌한
5425,있듯이
5426,불행한
5427,안타까운
5428,있노라면
5430,좋을
5432,재미있게
5434,같았다
5437,불행해서
5438,슬프다
5439,그렇고
5441,충분히
5442,만족할
5443,다르게
5444,새로운
5449,멋져
5451,좋아해서
5452,설렘
5455,굉장히
5456,슬펐네요
5457,뭉클하고
5458,슬펐습니다
5459,아니었다가
5460,있었고
5461,자상했고
5462,따뜻했습니다
5463,그런지
5467,재미있었습니다
5469,좋지만
5470,행복하다
5471,슬프지만
5473,독특하고
5474,예쁘다고
5475,기대하고
5476,좋았는데
5477,아쉬웠네요
5479,아쉬웠습니다
5480,예쁜
5481,풍부한
5483,슬퍼하지는
5484,소중한
5485,기쁨이었으니
5486,아름다운
5488,끝내주고
5491,행복했습니다
5492,솔직히
5493,있었던
5494,충분한
5495,있다고
5496,훌륭하고
5497,훌륭하며
5498,탁월하여
5499,흔히
5501,재밌어요
5502,뛰어나네요
5505,이럴
5506,당연한
5508,솔직히
5509,필요한가
5510,두렵고
5513,아까울
5514,기쁩니다
5516,아름답고
5517,다르게
5519,지루하기도
5522,추합니다
5524,슬프지만
5525,아름다웠던
5526,좋아하는
5527,새로워져서
5530,따뜻한
5531,따뜻한
5532,신기했고
5533,박했다
5534,조화로웠다
5538,없지
5539,기대했는데
5540,있었고
5541,아쉬운
5542,아프고
5543,안타까운
5544,아쉬웠어요
5545,좋아하고
5546,그랬었는데
5547,슬프지만
5548,행복했던
5549,멋지고
5550,아름다운
5551,없지요
5552,있었고
5560,슬퍼서
5561,찡했지만
5562,애틋함과
5565,가깝지만
5566,저렴하게
5568,기대하고
5569,미쳐도
5571,필요하네요
5572,슬펐어요
5575,놀랬어요
5576,있긴
5578,행복한
5579,가득한
5580,아니예요
5581,반하고
5582,반했습니다
5583,행복하지
5584,없네요
5585,깊은
5586,새로운
5587,박한
5588,깊어지는
5590,기대합니다
5591,기대합니다
5592,따뜻하고
5593,아름다울
5594,있도록
5595,계셔도
5596,괜찮을
5599,신선하고
5603,많았던
5604,같지만
5605,좋을
5607,좋아한다나는
5612,예뻐요
5613,귀엽고
5614,귀엽고
5615,지루해지는
5618,탄탄한
5619,만족스러운
5620,지루하지
5624,잔잔하고
5625,없고
5626,흠잡을
5628,만족스러웠어
5629,변해
5630,좋을
5631,지루할
5634,아름다운
5643,어느새
5647,힘들었던
5651,불안했네요
5652,정확하게
5653,밋밋할
5654,있었던
5655,화려하고
5657,같다고
5658,엄청난
5659,멋지고
5660,아름다웠다
5661,안타까운
5662,있거나
5663,있었다면
5666,지루하게
5668,극명하게
5669,같았다간
5671,아름다운
5672,감미로운
5675,아쉬웠는데
5680,좋아했는데
5681,다양하게
5682,재밌다
5685,아쉬운
5687,넘치게
5688,좋았으나
5689,좋지
5690,또렷히
5691,아쉬웠습니다
5692,아름다워요
5696,특이하구
5697,예뻤구요
5698,사랑스러운
5699,좋았던
5702,재밌는
5703,멋있고
5704,아름다운
5705,그런지
5706,괜찮은
5708,예뻤습니다
5709,조으네요
5710,좋아하는지라
5712,아름다운
5715,귀여웠다
5716,예뻤습니다
5717,입니다테오야
5718,행복했습니다
5719,멋있네
5720,있었지
5722,세련되고
5723,좋더군
5727,따뜻함
5728,행복하겠죠
5729,새로운
5730,궁금해서
5731,멋있다는
5732,신기했어요
5734,완벽해
5735,아님
5737,대단한
5738,안쓰럽고
5739,탄탄한
5745,어떨까
5746,가까운
5747,아름다운
5748,진귀한
5749,뭉클해지
5751,아쉬웠음
5752,행복하게
5753,이쁘고
5754,나쁘지
5755,좋았는데
5756,미쳤어요
5758,진지하거나
5759,심각하게만
5760,아닌데다
5764,재밌다
5765,예뻤어요
5768,아름다워
5771,좋게
5776,기대했던
5778,엄청난
5780,엄청난
5781,새로운
5782,아쉬운
5783,많았다
5784,탄탄한
5785,만족스러운
5786,지루하지
5790,잔잔하고
5791,없고
5792,흠잡을
5794,만족스러웠어
5795,변해
5796,좋을
5797,탄탄한
5798,만족스러운
5799,지루하지
5803,잔잔하고
5804,없고
5805,흠잡을
5807,만족스러웠어
5808,변해
5809,좋을
5811,좋아해서
5812,단조로웠지만
5814,반해서
5819,아름다운
5820,괴팍한
5821,외로운
5823,훌륭하고
5824,멋있었습니다
5825,좋았음
5826,깊은
5827,행복했어요
5828,재밌었어요
5829,아름다운
5830,멋진
5831,지루했어요
5833,기대한
5834,아쉬웠습니다
5835,높았다
5836,빠르고
5839,굉장히
5840,좋았는데
5842,좋아하는
5843,혹독했고
5844,외로웠던
5846,멋있고
5847,신선했어요
5849,불안정한
5850,버겁긴
5852,신선한
5853,많아서
5857,많지만
5858,강렬한
5862,아쉽네요
5863,있으니까
5864,많하
5865,아쉬웠어요
5866,재밌어요
5869,좋아하기도
5870,같으면서도
5871,독특했고
5872,신선했습니다
5873,좋았고요
5877,즐거울
5880,아쉬
5883,좋았지만
5884,아름다웠습니다
5885,나쁘지
5887,아쉬웠습니다
5888,있었고
5890,아쉬웠네요
5891,행복한
5892,아름답습니다
5894,재밌었어요
5895,예뻐
5899,입니다고
5901,신기했고
5902,없어
5903,안타깝고
5904,슬펐네요
5905,굉장히
5908,아름다웠습니다
5910,달랐어요
5911,산만하다는
5912,아름다웠어요
5915,멋지다는
5916,따뜻했습니다
5917,있다가
5918,좋아하기
5919,진솔하게
5920,심각하게
5921,없을
5922,솔직하고
5923,아름다
5924,적절하게
5925,불안정한
5926,없었던
5927,깊었습니다
5930,완벽했던
5931,아깝지
5933,기대하고
5934,사랑스럽고
5937,재미있게
5941,흥미로웠고
5944,있었습니다
5945,아름다운
5946,많았구요
5948,난해해질
5949,있는데
5950,많다
5952,좋았던
5954,당연히
5959,없었어도
5960,재미있는
5962,아쉬웠습니다
5963,높았던
5964,많지
5965,멋진
5966,만족하기
5967,어려웠네요
5968,우울해서
5969,힘들었고
5970,적당했고
5971,아쉬웠어요
5974,애잔한
5976,아름다운
5978,아름다운
5979,순수해서
5980,아팠던
5984,만족스러웠습니다
5986,아쉬웠지만
5989,좋아했고
5995,아쉽네요
5996,가능한지
5998,차가지고
5999,부족한
6000,없어
6002,있는데
6004,멋지게
6005,좋구요
6006,차가
6010,단순한
6011,미친
6012,있다면
6013,짧은
6014,지루하지
6015,생생함을
6017,신기하기도
6019,재밌어요
6020,예쁘게
6021,재밌습니다
6022,옳았습니다
6024,새로운
6026,있었어요
6027,굉장합니다
6028,작아
6029,있었는데도
6033,적절히
6035,좋았네요
6040,영원히
6041,멋진
6042,선했음
6043,비슷한
6044,아니지
6045,어수선한
6046,있었으나
6051,알찼습니다
6054,인해서
6057,따뜻한
6058,예뻐요
6059,반가웠습니다
6060,안타까운
6061,즐거웠어요
6062,익숙한
6065,슬픈
6068,둥글고
6069,넓은
6070,칠해진
6072,있었습니다
6073,기대하겠습니다
6076,있다고
6081,많으셨습니다
6082,입니다고
6084,가득한
6085,추합니다
6086,없었더라면
6087,있었을까
6088,좋아하는
6089,새로운
6093,적절한
6094,좋을
6098,아픈
6099,그러면서도
6100,따뜻했던
6101,편안히
6103,신기하고
6104,예뻤음
6105,굉장히
6106,좋았음
6107,뛰어난
6108,있었을까
6111,예쁜
6113,역은
6114,강하게
6115,아쉬웠어요
6116,아쉽다
6117,깊은
6118,기대할게요
6119,수선한
6122,새로운
6124,엄청난
6126,있을지
6127,멋지고
6128,예뻐서
6129,좋았음
6130,예쁘고
6132,멋있고
6133,예뻐요
6134,아쉽고
6135,그랬습니다
6136,다양한
6139,좋아한다면
6140,좋아한다면
6141,섬세한
6144,적절한
6145,가벼
6146,깊게
6147,깊은
6148,진한
6149,흥미롭게
6151,안타깝긴
6152,있었어요
6153,깊어
6154,아쉬웠습니다
6155,아니었다고
6157,좋았답니다
6158,없어
6160,예쁘고
6161,연약하고
6162,안쓰러운
6163,믿음직한테오
6164,완벽한
6165,훌륭했습니다
6167,궁금했는데
6168,있었어요
6169,좋았네요
6170,그랬지만
6171,멋지고
6173,생생하게
6178,좋았지만
6179,좋았던
6181,잘생겼고
6184,좋아했던
6185,그러다
6189,없었던
6190,독특하게
6191,선하고
6193,가까워서
6194,있다는
6196,저렴한
6199,있었다는
6200,만족스럽더라구요
6201,번거로
6202,있더라구요
6203,안타까웠었죠
6204,유명한
6205,좋겠구나
6209,있기를
6211,아름다운
6212,아픈
6214,좋은데
6215,지루하네요
6218,슬프면서도
6220,좋았구
6221,좋아서도
6222,그리워지는
6223,좋았어
6225,아름다운
6228,굉장한
6229,같았다
6230,역이었는데
6231,힘드셨을
6233,어떠했을까
6234,슬프고
6235,아픈
6237,아름답게
6238,옳다
6239,뒤늦게
6247,멋진
6250,새로운
6251,흥미로워요
6252,굉장히
6253,색다른
6255,아프다
6256,재미있게
6258,같아서
6259,놀라워
6260,담백하게
6261,담담하게
6262,급격히
6264,깊은
6266,이쁘고
6269,뒤늦게
6270,있던
6271,좋아하던
6272,아쉬운
6273,화려하고
6277,있길
6278,멋진
6279,재밌었어요
6280,아쉽네요
6281,좋아했고
6284,어느새
6285,아름다운
6287,멋진
6288,완벽한
6290,넘치는
6291,아쉽네요
6292,설레이는
6293,있어야겠어요
6294,새로운
6296,아니고
6297,슬픈
6298,좋아하시는
6299,당히
6301,어땠는지
6304,많으셨는데
6305,아쉽습니다
6308,없을
6309,없네요
6310,뒤늦게
6312,서운하기만
6313,아쉽기만
6316,없었어요
6317,없었어요
6319,있겠죠
6321,아쉬웠습니다
6323,아쉽
6324,예쁘고
6325,잔잔하니
6326,좋더라
6328,행복했어요
6329,아름다운
6330,아프고
6331,아프고
6332,아프지만
6333,아름다운
6336,좋았지만
6339,있던
6340,아름다운
6341,멋졌어요
6342,따뜻했구요
6343,우울한
6344,있었던
6345,편하지는
6346,있었다면
6347,좋았을까
6348,유명하고
6349,있는데
6350,좋았을
6351,행복해
6352,입니다나는
6353,중요한
6355,멋진
6356,있었으면
6357,좋겠네요
6359,기대합니다
6360,힘들었을까
6362,소중하게
6363,좋아했던
6365,쓰라린
6366,있다고
6367,들뜬
6368,같았는데
6370,좋다고
6373,있었을
6376,미안한
6379,같아서
6380,슬프던
6381,좋았는데
6382,짠하지만은
6383,유쾌한
6384,많았던
6385,같은데
6386,지루한
6387,분했을
6388,쭈글쭈글하게
6389,있다가
6390,미친
6395,따뜻한
6396,없게
6397,슬프네요
6399,완벽한
6400,완벽했던
6401,빠른
6402,아름다운
6404,찡하고
6405,짠했는데
6407,슬펐어요
6409,적절하게
6410,기발하게
6412,예뻤어요
6413,행복하게
6414,좋던
6415,반듯하고
6416,곧은
6417,없고
6418,있으나
6423,섬세하다
6424,깊던
6426,행복하게
6427,흥겹던
6429,아름다운
6430,아쉽지만
6435,굉장히
6436,깊었습니다
6437,뛰어났구요
6438,행복했습니다
6439,행복했습니다
6440,좋았지만
6441,아쉽고
6442,있을께요
6447,같았던
6448,행복한
6449,있길
6450,아쉬웠습니다
6453,행복했습니다
6454,아득히
6456,슬프고
6457,아련했던
6458,굉장히
6460,아쉽습니다
6462,후회되었을
6464,좋았지만
6465,더해진
6468,좋았는데
6472,편안했습니다
6473,넘치게
6475,있었으면
6476,좋겠습니다
6477,깊었습니다
6478,아쉬워요
6480,깊게
6481,없었습니다
6483,특이했어요
6485,궁금했는데
6487,신기했어요
6489,좋겠네요
6491,행복했고
6493,많았고
6497,아쉽네요
6500,있길
6502,아쉽네요
6503,싫은
6504,더울다가
6507,슬퍼
6508,괜찮은데
6509,어두워서
6510,그러는지
6511,많았고
6512,없었다
6515,흠잡을
6516,없었다
6517,행복했어요
6518,행복하길
6519,예쁘게
6521,없게
6522,행복한
6525,아름다운
6526,아름다운
6527,아프면서도
6528,따뜻해지는
6529,행복했어요
6530,많으셨습니다
6531,아름다웠어
6532,따뜻하고
6533,슬픈
6534,아프게
6536,아름다워
6537,재밌었어요
6538,화려한
6539,어느새를
6541,멀다하고
6542,띵해지
6543,완벽함
6544,빠른
6546,없고
6547,있던
6548,행복합니다
6549,만족스러운
6551,만족스러웠습니다
6552,좋겠네요
6553,좋아하는
6555,좋다
6557,좋다
6559,훌륭한
6560,있길
6561,멋진
6567,행복하네요
6569,아팠고
6570,행복했습니다
6571,새로운
6572,새로운
6573,다르니
6574,달랐던
6575,새롭게
6576,아프고
6577,애틋했습니다
6578,좋았네요
6579,행복했습니다
6580,행복했습니다
6581,미쳐
6582,완벽함은
6583,없으나
6584,완벽히
6587,낭비하지
6589,어줍니다
6590,멋진
6591,아쉬워요
6592,있겠습니다
6593,안타까울
6594,있었던
6596,유명한
6597,없던
6598,좋지만
6599,따뜻하고
6600,행복해서
6601,뭉클해요
6602,묵묵히
6603,생생히
6605,아쉬운
6606,유명하고
6607,유명해서
6609,우울했던
6611,그렇기에
6612,안타깝고
6613,있었던
6615,하얗게
6618,자연스럽고
6619,재밌었어요
6620,아쉬웠네요
6624,추합니다
6626,좋겠습니다
6628,지루했는데
6631,미안한
6632,별다른
6635,미안했을지
6636,아팠습니다
6637,있으니까
6641,좋겠네요
6643,아쉬웠습니다
6644,듬직한
6645,좋았구요
6647,영원히
6649,아쉬워요
6650,어느새
6651,막연하게
6652,유명한
6653,있던
6654,순수함
6655,안타깝고
6656,찡하면서도
6659,엄청났을
6660,같아서
6661,단순히
6665,있었을
6667,훌륭한
6669,화려한
6670,아니지만
6673,충분히
6674,좋을
6676,많으셨습니다
6679,고맙다고
6683,행복했습니다
6684,없었던
6685,완벽한
6687,아프고
6688,찡했습니다
6691,뜨끔하기도
6692,예뻤습니다
6695,깊게
6697,없었다
6698,훌륭한
6700,좋았어
6701,재밌었어요
6702,예쁨
6706,잔잔한
6708,입니다아
6712,화하여
6713,좋았지만
6714,지루해진
6715,지루한
6716,계신
6717,다름을
6720,그리워졌다
6721,새롭게
6723,좋더라
6724,아름답게
6727,예뻐서
6729,있었어요
6730,좋으네요
6732,같았어요
6733,많아요
6734,성공해야지가
6736,아름다운
6737,좋겠다라는
6738,힘든
6739,외로운
6742,행복해
6746,슬프고
6747,아픈
6748,행복해질
6750,다르겠지만
6751,달랐어요
6755,자리였습니다
6756,유명하고
6757,유명해서
6759,우울했던
6761,그렇기에
6762,안타깝고
6763,있었던
6765,하얗게
6768,자연스럽고
6769,재밌었어요
6771,뒤늦게
6772,급하게
6773,작다
6774,없었어요
6775,있었던
6777,좋았구요
6778,화려하진
6779,충분히
6780,좋다는
6781,많았습니다
6782,더해져
6783,신기하기도
6784,많으셨습니다
6785,있다고
6786,불편할
6789,불편했던
6792,좋겠습니다
6793,아쉬운
6795,분명하다고
6796,그러다
6797,싸늘하게
6800,없지만
6801,아련하고
6802,따뜻한
6803,잔잔하게
6804,강하게
6805,거만함과
6806,충분했던
6807,유명하고
6808,강렬해서
6809,없다고
6810,따뜻하고
6811,막연히
6812,솔직하고
6813,아름다운
6815,싫어하는
6816,난폭하고
6817,무능한
6820,따스히
6821,그러면서
6822,어느새
6824,아름다운
6825,아니었을까
6826,아닐까
6827,강렬히
6829,아름다워요
6831,재밌었어요
6832,좋으시고
6834,예뻐서
6837,있다는
6838,놀라웠습니다
6839,유용하게
6841,예뻤습니다
6843,좋아하는
6845,자세히
6847,좋았으며
6849,아름답게
6851,알찬
6853,즐겁게
6855,재미있습니다
6858,잔잔한
6859,아름다운
6861,대단한
6864,아쉬웠던
6865,어려웠습니다
6867,아쉬웠구요
6869,재미있습니다
6872,있었답니다
6873,이쁘고
6874,예쁘고
6875,같지
6877,더운데
6879,많으십니다
6880,아니었지만
6881,쓸쓸하게
6882,아픈
6884,멋있었습니다
6885,좋았어서
6890,좋다
6892,따뜻해
6893,추합니다
6894,이쁘고
6896,즐거웠네요
6897,슬프
6898,안타깝네요
6899,잔잔하고
6901,어느새
6902,뭉클해지네
6903,많으셨습니다
6904,딱히
6905,흥미롭거나
6906,드라마틱하지
6908,아름답고
6910,아쉬웠습니다
6911,힘들었습니다
6914,친숙하게
6916,있었지
6917,좋아하시는
6918,즐겁게
6923,멋있었어요
6927,유명한
6931,좋을
6935,그런지
6936,풍부해져서
6938,그런지
6940,넘치는
6941,남다른
6942,뭉클했어요
6943,아프면서도
6947,가득한
6948,멋있었습니다
6949,그런지
6954,따뜻하고
6955,슬펐던
6957,좋겠네요
6959,아쉽고
6961,깊은
6962,슬프지만
6964,좋아했는데
6965,색다르게
6966,좋았구요
6967,만족스러운
6968,슬프면서도
6969,따뜻해지는
6972,아쉬운
6974,아쉽지만
6975,그런지
6976,같아서
6977,변하는
6981,지루하게
6982,아프다
6987,멋있었습니다
6992,슬프
6993,아픈
6994,행복해지고
6995,그래요
6996,힘들지만
6999,슬프지만
7000,행복한
7002,좋겠다는
7003,미쳐
7005,좋아하는
7006,깊어지는
7007,아쉽네요
7008,많았는데
7010,불가하게
7012,좋아하는
7013,아쉬워
7014,즐거운
7015,아니지만
7016,씁쓸하면서
7019,놀라웠구요
7020,기대했던
7021,덜했지만
7022,충분히
7024,있으면
7025,흔히
7027,있었으면
7028,좋겠습니다
7029,좋아했던
7030,있는데
7031,좋더라구요
7032,아팠습니다
7033,있길
7034,슬프고
7035,슬프네요
7036,무사히
7037,있기를
7038,아름다운
7040,반하고
7050,행복했습니다
7051,즐거웠습니다
7053,있을께요
7055,아쉬운
7057,많았던
7058,행복한
7059,좋을
7061,잔잔하지만
7064,아름다운
7065,아쉽네요
7067,아프지만
7069,좋았는데
7071,아쉬울
7073,아름답고
7074,아픈
7077,유익한
7079,기대한
7083,아쉽지
7086,훌륭합니다
7087,있었던
7088,같은데
7089,좋겠습니다
7091,절묘하게
7096,훌륭했습니다
7097,슬프고
7098,따뜻했다
7101,가득한
7102,아니었음
7103,좋은데
7104,지루해
7105,아픈
7108,기뻐하며
7109,두려운
7110,안타까운
7111,강하게
7112,순수함을
7113,있던
7114,가득한
7115,가득했으며
7116,굳게
7119,있었고
7120,행복하고
7122,가득한
7127,뿐이었다
7129,아니냐고
7130,인해
7131,인해
7132,어떡하려고
7133,그래라고
7134,같았다
7135,약한
7137,없을
7138,없던
7139,미안하고
7140,미안하다는
7141,가득했지만
7144,깊은
7145,애틋하고
7146,안타깝고
7147,아름다웠다
7149,아쉬운
7151,아쉽고
7152,깊게
7154,아쉬웠던
7157,있기를
7158,기쁘고
7160,있었습니다
7168,슬프지만
7169,아름다워요
7170,슬플
7171,뿐이네요
7172,없습니다
7174,탁월해서
7175,지루할
7179,기대하는
7183,완벽하네요
7184,깊게
7186,짧아서
7187,아쉽네요
7190,좋을
7191,좋아하는
7192,아니고
7193,좋아하지
7194,충분히
7196,다양한
7198,행복했던
7199,힘든
7203,있어서요
7205,슬픈
7206,넘치는
7208,아프고
7209,슬프지만
7210,행복한
7211,아프지만
7212,아름다운
7213,아쉽네요
7215,어느새
7219,고마운
7220,멋지네
7222,잔잔하게
7223,없는지
7224,슬펐던
7225,스러웠던
7227,아팠어요
7228,다행히
7229,조용히
7231,아쉬웠습니다
7233,싫어요
7235,재밌어요
7240,기대하고
7243,심한
7244,아니라서
7245,평이하게
7246,있겠지만
7248,고마웠습니다
7249,아닐
7250,좋았던
7251,재밌다는
7252,지루하단
7253,재밌었고
7254,아프고
7256,미랑
7257,필요해
7261,슬프구
7262,굉장히
7265,있는데
7266,있었습니다
7267,드문
7270,즐거워
7271,즐겁게
7272,힘들
7273,아파
7274,아파하게
7276,가난한
7277,있었던
7279,아니게
7280,소중히
7281,그랬어요
7284,좋았구요
7287,사랑스런
7291,다르게
7292,변하지
7293,다르게
7295,같더라구요
7297,좋더라구요
7298,좋았던
7301,재밌어요
7302,아쉽습니다
7304,좋을
7306,강한
7307,간절히
7308,훌륭한
7310,남짓한
7313,완벽한
7318,새로운
7319,좋지만
7321,생소했지만
7322,아쉬워요
7327,있나
7329,아까워요
7332,아프고
7333,안타까운데
7334,이상하게
7335,후련해지더라구요
7336,후련합니다
7337,굉장히
7338,예쁘고
7339,같아서
7340,아쉽네요
7343,새로
7344,아프고
7345,따뜻해져서
7350,아프면서도
7351,따뜻하게
7353,좋구
7355,황홀한
7356,굉장히
7359,색다르고
7363,더해져서
7364,힘들었던
7365,아쉬웠는데
7366,행복했습니다
7367,많아서
7368,아쉽네요
7371,아픈
7373,뛰어납니다
7374,아프지만
7376,재밌었어요
7377,간결한
7378,재밌어요
7381,재밌어요
7382,있었습니다
7383,멋진
7385,멋진
7387,멋진
7389,멋진
7391,멋진
7393,멋진
7395,멋진
7397,멋진
7399,멋진
7401,처절했던
7402,뒤늦게
7403,안타까워지네요
7406,예뻤어요
7407,안타깝네요
7409,아련하고
7410,아프고
7412,아쉬워요
7413,알찬
7414,좋았던
7415,꾸준히
7416,재밌습니다
7418,아름답게
7419,아름다운
7420,지루한데
7422,재미있었습니다
7426,아쉽네요
7427,어둡지만
7428,따뜻함이
7430,좋았지만
7431,철저해
7436,좋지만
7437,예뻐요
7438,슬프지만
7439,따뜻하고
7440,아름다운
7443,무겁지만
7444,짱짱하고
7446,탄탄하고
7448,만족스러웠습니다
7449,지루해질
7454,잔잔한
7455,굉장히
7456,신선하게
7457,기쁜
7458,이렇게나마
7459,좋겠네요
7460,따뜻하고
7461,슬펐다
7463,많니
7464,좋았음
7465,아름다운
7466,아름다운
7467,아름다운
7469,재밌어요
7471,있도록
7472,아름다운
7473,길고
7476,아쉬워요
7479,있답니다
7480,강렬하고
7482,훌륭한
7484,유명한
7485,더할
7486,훌륭한
7488,깊게
7490,아프면서도
7491,따뜻함이
7493,다르구
7494,좋구
7495,따뜻함
7497,쉬운
7498,아니지만
7499,가깝게
7500,재밌고
7503,새로운
7504,강렬한
7505,넘치는
7506,굉장한
7508,멋진
7516,있었는지
7517,자세히
7519,따뜻하고
7520,슬픈
7521,예뻤어요
7522,만족한
7524,행복하다니
7528,몽글몽글해지는
7530,뭉클했어요
7531,아름답고
7532,고맙습니다
7533,신선한
7535,좋았네요
7536,슬프고
7537,처절한
7539,있다는
7541,당연히
7542,멋진
7543,멋져요
7544,재밌어요
7546,대단하시더라구요
7547,좋았구요
7548,신기했습니다
7549,좋아하시는
7550,느려진
7554,아쉬워
7558,좋을
7560,입니
7562,뚜렷해지고
7563,좋았지만
7564,발랄한
7565,귀여웠던
7566,행복했던
7567,변해
7568,가난한
7569,숭고해
7572,피곤하지만
7575,미안한
7576,다르게
7577,깊더라구요
7579,재밌어요
7581,좋구요
7582,기대하고
7583,있었습니다
7584,어색한
7585,있기는
7586,띵했네요
7588,완벽해가
7589,힘없게
7590,나지막한
7591,비장하게
7592,아프
7594,행복하기를
7598,좋군요
7604,완벽해라는
7606,애잔함
7607,안타까
7608,그리워하고
7610,안타까
7611,스러울
7612,순수함과
7613,아닐까
7614,미안해하지만
7618,잔잔한
7620,그런지
7621,깊은
7623,유용하고
7624,예쁘게
7625,아쉬운
7628,아쉽습니다
7629,예뻐요
7630,재밌었습니다
7631,어느새
7632,더라구요
7633,추워요
7638,좋으세요
7640,입니다고
7641,엄격한
7649,추합니다
7650,없겠지만
7651,많아
7652,어땠을까
7654,좋아하면
7655,독특하고
7656,아름다워요
7657,평범하게
7659,괴로웠고
7661,아름다운
7662,대단하다고
7666,슬프고
7667,아프다가
7668,따뜻해지는
7669,입니다고
7670,좋다
7674,좋으요
7677,귀여운
7681,입니다고
7682,따뜻한
7685,찡해요
7688,생생해요
7689,귀여운
7690,아팠어요
7692,귀여운
7694,슬프네요
7696,좋았던
7698,재미있고
7700,즐겁게
7702,슬프고
7703,그렇더라구요
7704,없는데
7706,멋져서
7708,가능하군요
7714,신기했어요
7715,슬펐던
7716,슬프고
7717,슬프게
7718,아픈
7719,없었다면
7726,더워서
7727,그런지
7734,가득한
7737,짧게
7738,아쉽네요
7739,길은
7740,힘들
7741,없지만
7742,행복했습니다
7743,다양한
7747,예쁜
7748,짱짱한
7750,자랑스럽다
7751,잔잔한
7753,좋았구요
7754,슬픈
7755,따뜻해지더라
7757,길어
7760,아프고
7761,따뜻하고
7763,안타까운
7764,슬프지만
7765,따뜻하네요
7766,슬프지만
7769,아프지만
7770,슬프지만
7771,따뜻해지는
7775,훌륭한
7776,탄탄한
7777,기대하지
7778,아름답고
7779,아름다운
7780,반해서
7781,아름다운
7782,아름답고
7784,깊은
7788,훌륭했습니다
7790,좋아하고
7793,색다르
7795,좋지
7796,아파하면서
7799,탄탄하게
7800,대단합니다
7807,가까워
7808,높았고
7809,생생하게
7813,다양한
7815,행복했습니다
7816,아프면서
7817,따뜻해지는
7818,슬프면서
7820,있었던
7821,즐거웠습니다
7823,안타깝구요
7827,완벽해
7828,힘들고
7829,치열하게
7831,탄탄한
7832,있었네요
7833,어지럽고
7834,심란하여
7836,만족했습니다
7841,입니
7842,즐거웠어요
7844,잔잔하게
7845,화려한
7846,없어도
7847,있다는
7848,신기한
7850,우울한
7853,아프긴
7855,따뜻한
7858,재밌고
7861,부끄러웠지만
7864,정성스럽네요
7866,이쁘고
7867,멋있었어요
7868,친절하고
7869,섬세한
7872,행복했습니다
7873,좋아했던
7877,귀여운
7878,좋다
7879,아름다운
7881,별다른
7882,없이도
7883,황홀하다는
7884,없었습니다
7885,힘든
7886,훌륭한
7887,있었
7889,없을
7893,좋지
7894,좋지
7895,있어서는
7896,같아서
7901,멋진
7902,멋진
7903,행복한
7904,멋진
7906,좋아하시는
7907,행복한
7910,좋더라구요
7913,아름다운
7916,좋겠네요
7918,상관없을
7920,잔잔하면서
7921,길게
7925,있었구나
7929,멋졌어요
7930,심오함
7931,좋지만
7936,있었습니다
7937,그렇듯이
7940,즐거운
7945,당연히
7947,있었다니
7949,있었을까
7950,더해져
7964,좋겠습니다
7969,재밌었습니다
7970,아름다웠구요
7971,적절히
7972,아름답고
7976,유익한
7978,많는
7980,아프고
7981,슬프고
7983,좋아하는
7985,좋을
7987,아름다워서
7988,슬픈
7989,재밌었어요
7990,믿음직하게
7991,좋을
7994,아님
7998,엄청난
7999,좋아했던
8005,굉장히
8006,멋지고
8007,아름다워요
8008,뭉클하네요
8010,아름답고
8011,미쳐가는
8012,안타까운
8015,힘든데
8018,멋진
8022,예쁜
8025,잔잔한
8029,좋았음
8030,좋지
8034,좋긴
8035,애틋하고
8037,슬펐습니다
8039,좋아하는
8041,변하는
8043,좋아하는
8044,아름다워
8045,애틋한
8046,있었던
8048,있었어요
8049,더라구요
8051,있었습니다
8052,아니니
8053,좋더라구요
8056,신난
8057,낯설고
8058,궁금한
8059,많았던
8060,엄청난
8061,있기는
8063,추합니다
8064,아쉬운
8065,뭉클해지는
8066,예쁘고
8067,아름다운
8069,없었지만
8072,아름다운
8073,좋겠습니다
8075,애잔하고
8077,아련하고
8078,슬플수가
8079,없었다
8080,냉정했고
8081,많았다
8083,자유롭게
8084,비슷한
8085,있었기에
8086,나쁘다는
8087,아니지만
8088,속상했다
8089,따뜻하게
8090,외로운
8093,필요했을지도
8094,어땠
8095,외롭게
8096,아무렇지
8097,없을
8098,담담함과
8099,아무렇지
8100,아프고
8101,아파서
8103,미안해지는
8104,멋졌어요
8107,추합니다
8108,기대하지
8109,기대하면
8110,편하게
8111,지루한
8112,없었고
8113,좋았
8116,유명한
8117,있었거든요
8119,새로
8120,좋았어
8121,아쉽지만
8123,유명한
8125,없었어요
8126,많아
8128,없어
8130,있었으면
8131,있었을
8134,좋더라구요
8135,예뻐요
8136,아프더군요
8137,기대하지
8139,가난하고
8140,처절한
8142,잔잔하고
8143,아름다운
8146,아프네요
8147,넘쳐요
8148,수척해
8149,화려한
8150,멋졌다
8151,부족한
8152,아름답고
8153,강렬한
8154,아담한
8157,완벽한
8158,좋아해서
8159,슬픈
8160,있었던
8161,있기
8163,완벽하게
8165,따뜻하고
8168,행복합니다
8171,행복했습니다
8173,없는데도
8174,굉장히
8175,깊었습니다
8179,따뜻하게
8180,슬프고
8181,안타깝지만
8182,행복했던
8185,절묘한
8187,있어도
8190,슬펐던
8193,좋지만
8194,없네요
8195,하얀
8196,멋졌구요
8198,슬프다는
8199,좋아하는
8200,불행한
8201,아프더라구요
8209,좋겠네요
8210,더럽
8215,대단하셨어요
8216,멋졌어요
8218,가벼운
8219,엄청난
8220,피곤해서
8221,그런지
8222,지루하기도
8223,힘들었는데
8226,안타까
8227,더해
8228,어려웠습니다
8229,있으신
8232,더해진
8233,힘들었습니다
8234,어둡고
8235,스럽고
8236,아니지만
8238,좋았던
8240,있던
8241,우아할지도
8244,있던
8246,높았고
8248,슬퍼
8250,새로운
8251,새로운
8254,좋구
8255,행복했던
8258,재미있어요
8262,차가
8263,멀다는
8264,아쉬
8265,색다른
8266,예쁘고
8267,잔잔하지만
8268,지루하지
8269,애잔한
8270,좋았구요
8273,예뻐요
8275,잔잔하고
8276,담백한
8277,입니
8278,있구요
8280,아름다
8283,같아서
8286,재밌어요
8288,아름다운
8292,안타까웠지만
8294,힘들고
8296,유일한
8298,즐거웠어요
8299,좋았구
8303,좋아하여
8304,편하고
8305,좋았으며
8306,아팠다
8309,기뻤
8311,아니었을까
8316,좋고요
8317,깊게
8318,다양한
8319,다양하게
8321,좋아하는
8323,아름답게
8324,없을
8326,좋았네요
8327,같앗어요
8330,아팠다
8331,그런지
8332,편안하게
8333,같아서
8334,편하게
8335,힘든
8336,좋음
8337,안타깝고
8338,아팠습니다
8343,아니었습니다
8346,멋지고
8347,좋게
8350,다양하게
8352,많았으면
8353,좋았을
8355,많아서
8357,분분한
8358,많기
8359,나쁘지
8361,능통하고
8362,많았던
8363,많았다
8364,많았겠으나
8365,상당히
8366,반갑고
8372,멋진
8373,멋진
8374,입니다고
8375,짧게
8377,순수했던
8380,있었던
8382,아름다웠습니다
8384,아닌데
8386,궁금해졌고
8387,좋아했던지라
8390,추합니다
8391,있었네요
8393,쏠쏠했습니다
8394,예쁜
8397,아름답다
8398,아프다고
8399,아프게
8402,무거운
8403,좋은지
8404,좋은데
8405,재밌어용
8410,아쉬운
8415,무의미했던
8416,하얀
8417,깊게
8418,훌륭한
8420,즐거웠습니다
8421,예뻐서
8422,지루한
8423,아쉽네요
8425,잔잔하고
8426,섬세한
8427,멋진
8428,아름다운
8430,있었던
8431,아니고
8432,넘치는
8433,아파요
8434,신기하게
8436,있었을까
8438,더군요
8439,편하다
8440,아리송하지만
8442,있을까요
8443,어색하지
8444,멋있었음
8445,조은
8447,원하니
8448,그러면서도
8449,나약함을
8450,나쁘지
8451,안쓰럽고
8452,그랬어요
8453,익숙함으로
8455,좋더라구요
8456,같은데
8457,놀랬어요
8458,끊임없이
8460,냉정한
8461,같기도
8462,어느새
8463,냉철해
8465,미안한
8466,의젓한
8470,잔잔하면서도
8472,또렷했던
8473,다르세요
8474,다르고
8475,좋게
8478,아닌데
8479,있더라구요
8480,시원시원하지
8481,독특한
8482,궁금해지고
8488,없었고
8491,기대하고
8497,풍부하고
8503,많아
8505,대단하시더군요
8506,훌륭하시
8507,지루한
8508,있다는
8509,좋았던
8512,재미있었답니다
8513,속상했어요
8517,즐거운
8518,독특했고
8519,좋아하는
8521,좋더라
8522,깊게
8523,다르게
8528,좋았다고
8530,좋겠다
8531,다르게
8532,아프다는
8535,재미있습니다
8536,화려한
8537,좋지만
8538,지루한
8542,즐거웠습니다
8543,알차고
8544,즐거운
8545,무섭고도
8546,아름다운
8548,있었던
8549,부탁드려여
8550,재밌고
8554,행복했고
8555,소소한
8556,많을
8562,재미있었습니다
8563,재미있게
8565,예쁨
8567,새로운
8568,입니다고
8569,따뜻한
8574,아쉬운
8578,잔잔하지만
8579,재밌어요
8580,애매하고
8581,잔잔하니
8583,같았다고
8585,같은데
8589,아프고
8590,행복하고
8591,즐거워
8592,아득해져서
8593,벅찼다고
8596,같았다고
8597,있는데
8598,다르다고
8599,같다테오와
8600,따뜻해졌다테오가
8601,따뜻한
8602,나빴다
8604,확실히
8607,좋아하고
8608,있었던
8609,색다른
8610,아름다운
8611,감미로운
8612,있다고
8613,기뻤습니다
8615,좋았던
8616,예쁘고
8617,뭉클한
8618,처절한
8619,아름다
8620,따뜻함이
8622,예쁘고
8624,아파하며
8625,다르네요
8629,없었던
8630,좋더군
8631,아름답게
8633,좋은데
8634,지루해요
8635,좋아하는
8636,실망하면
8637,없지
8638,있었던
8640,당당히
8641,아깝지
8642,정확한
8643,자연스러운
8644,톡톡히
8645,그런지
8646,강한데
8647,화려하지
8649,아쉬운
8650,있다면
8653,같다는
8654,멋졌어요
8655,신기하고
8656,이쁘고
8657,멋지고
8659,풍부하고
8660,있었네요
8661,지루했어요
8662,좋았으나
8663,어둡다
8664,무거운
8665,힘들었어요
8666,추합니다
8668,새로운
8671,있었어요
8672,즐거운
8673,아름답고
8675,행복한
8677,완벽하지
8678,완벽하게
8679,아름다운
8680,멋졌습니다
8681,있던
8682,따뜻한
8686,있었어요
8687,아름다운
8688,예뻤고
8690,좋구
8691,행복한
8692,재밌다
8693,있다는
8694,좋았구요
8696,행복했습니다
8697,답답한
8698,있긴
8700,무던히
8702,빠르게
8703,성해진
8704,익살스러운
8705,하얀
8706,있었던
8707,아쉽지만
8710,만족하기
8711,힘들겠지만
8712,따뜻한
8715,좋았지만
8717,재미있었어요
8719,신기했어요
8720,독특하고
8721,하얗게
8722,멋져요
8723,좋은데
8724,슬프다는
8725,불쌍하고
8726,참담하게
8727,아팠답니다
8728,예쁜
8729,아름다운
8730,입니다고
8731,좋겠는데
8732,짧게
8733,좋아하시는
8734,많아서
8735,스럽
8738,좋았던
8740,좋아하는
8741,있다는
8742,입니
8743,예민한
8746,어느새
8747,있더라
8748,예쁘고
8749,간단한
8751,지루하지
8752,재밌고
8754,좋았다는
8757,대단하다고
8761,멋진
8762,실망했는데
8763,시원하게
8764,반해
8766,더한
8767,지루하다
8768,좋을
8771,같았다
8774,따뜻하고
8776,그러지
8777,괜찮을
8778,괜찮다고
8780,있었던
8782,같다나도
8783,미치고
8784,없었던
8786,창피하게도
8787,좋아하는
8789,당연히
8791,막연히
8792,있던
8793,다르네요
8794,천진난만하게
8795,기뻐하는
8797,흥미롭다고
8798,아름다
8799,흥미롭다고
8800,슬펐습니다
8801,넘쳐나는
8802,서글프고
8803,애잔한
8804,미안했습니다
8805,행복했으니
8806,슬퍼
8807,그러겠노라
8809,커다란
8811,변하는
8812,휘둥그래질
8813,멋졌습니다
8815,좋아하는
8816,추해요
8817,처절했던
8818,있었던
8819,만족한
8824,아름답습니다
8825,잔잔한
8827,애틋하고
8828,애잔해서
8831,좋은데
8832,좋은데
8833,좋았는데
8837,대단하게
8839,있구나
8842,아름다웠어요
8845,기대했던
8847,그런지
8848,덜했던
8852,불필요한
8853,많아서
8855,아쉽네요
8856,필요한가
8857,멋진
8858,순수하고
8859,행복한
8861,잔잔한데
8862,없는데
8863,잔잔한
8868,좋았구요
8870,기대했던
8871,즐겁게
8873,아름답고
8874,좋더라구요
8875,지루할
8877,처절하고
8878,괴팍하고
8879,이상하게
8880,다정다감하게
8881,미쳐가는
8883,미쳐
8884,따뜻한
8885,신기한
8886,어색한
8887,낮고
8888,다양한
8889,좋다는
8893,따뜻한
8894,있는데
8895,찡했습니다
8896,생생하게
8898,힘들었던
8899,아쉬웠습니다
8900,적절히
8903,깊게
8905,추합니다
8909,멋진
8910,없었어요
8915,잔잔하고
8916,평이하게
8921,있었던
8922,있었고
8923,가득한
8924,있었음
8927,좋았음
8929,좋았음
8931,완벽한
8934,눈부신
8935,좋아해서
8936,없었던
8938,좋았던
8939,아쉽
8940,하얀
8942,신선했어요
8943,신기했을
8947,있었어요
8948,있었어요
8950,없었던
8951,따뜻한
8953,좋더라구요
8955,괜찮다는
8958,멋지고
8960,슬플
8961,아프네요
8962,없네요
8972,곱니당
8973,조아요
8974,없는데
8975,같았습니다
8977,계셔도
8978,같던데
8979,궁금하네요
8981,멋졌구요
8982,재미있음
8983,재미있고
8984,재미있다
8985,좋지만
8986,대단한
8989,예뻐요
8990,없었는데
8992,재미있어요
8993,아름다웠던
8994,순수한
8995,평범한
8996,짧게나마
8997,색다르게
8998,깊었어요
9002,아니어서
9003,없었지만
9008,좋지만
9009,같아서
9010,좋으나
9014,아름다운
9015,생생하게
9018,신선한
9021,없습니다
9022,아름다운
9024,나쁘지
9026,수많은
9027,충분히
9028,아름답다
9033,아름다운
9037,상당히
9038,상당히
9039,좋다고
9040,잔잔하고
9041,부드러운
9042,엄청난
9043,따뜻하게
9044,조용하고도
9045,강한
9047,아름다운
9049,다르더라구요
9050,깊은
9052,슬프고
9055,아쉬웠던
9056,안타까
9057,풍부한
9059,익숙함
9060,있기에
9061,조심스럽긴
9062,시원한
9063,얕은
9065,저렇다
9068,많아서
9069,소소한
9070,있게끔
9071,다르게
9074,신기했습니다
9075,다양하게
9076,새롭게
9077,선하고
9079,새로운
9082,기대해
9083,심했었습니다
9084,필요하다고
9085,담백해지고
9086,화려해진
9088,좋더군요
9092,좋다니
9093,멋지고
9094,좋았어
9097,자잘하게
9098,많아서
9099,아름다운
9101,아름다운
9104,입니
9105,있다는
9106,아름답게
9108,깊었습니다
9109,아쉽게도
9111,즐거운
9112,아쉬웠는데
9115,따뜻해지고
9118,잔잔한
9122,없던
9123,멋졌습니다
9124,강하게
9125,없었는데도
9127,예쁘고
9128,예쁘지
9129,없습니다
9130,잔잔한
9131,좋아한다면
9132,만족하실거에
9133,화려한
9134,없지만
9138,아름다운
9139,훌륭한
9141,잔잔한
9142,설레는
9144,여전한
9145,있더군
9146,화려해지고
9147,새로운
9149,깊었습니다
9152,좋아하면
9155,아름답고
9156,잔잔하게
9157,좋다
9158,잔잔한
9160,아프면서도
9161,행복한
9162,아니지만
9163,행복한
9165,다양한
9167,아쉽긴
9168,예뻐지고
9169,새로
9174,아쉽지만
9176,재밌어요
9178,좋구요
9179,같지
9180,멋진
9181,있었던
9182,좋아하시는
9187,아름다운
9188,우울하고
9189,불안한
9190,좋을
9192,잔잔함
9193,행복하기만
9194,아니었지만
9195,따뜻하고
9196,아름다운
9198,화려한
9199,익숙한
9200,있겠지만
9201,있다면
9204,좋았지만
9205,없을
9208,있겠습니다
9209,아팠지만
9210,따뜻했습니다
9211,따뜻함이
9213,포근한
9214,있겠습니다
9215,멋졌어요
9216,작아서
9224,멋진
9225,행복한
9226,아름답게
9227,길었다면
9228,좋았을
9231,그리워요
9232,좋아해서
9233,좋앗던
9234,어색한
9235,있었
9237,아름답습니다
9238,있는데
9239,젊은
9240,실패하고
9241,실패하고
9242,순수한
9243,가난한
9246,탄탄합니다
9248,있는데다
9249,수많은
9250,일목요연하게
9253,있기
9259,새로운
9260,기대했었는데
9261,있어서는
9262,아쉬운
9264,없었기
9266,탄탄하긴
9267,아쉬웠던
9268,있었습니다
9269,독특한
9271,있었던
9272,뿐이었는데요
9274,있을지
9275,상당히
9276,기대하는
9278,있을지
9279,궁금했던
9280,독특했었습니다
9281,깊숙히
9282,있는데
9286,반해
9289,넓고
9290,평평했는데요
9291,있었고
9292,칠해져
9293,있었습니다
9295,단순한
9296,아닌가
9299,있을지
9302,있었던
9303,유명한
9304,하얀
9308,하얀
9309,하얀
9311,간단한
9312,뻔했던
9314,성공했다고
9317,있어서도
9318,아쉬운
9319,없지는
9320,아쉬웠는데
9321,어려웠기
9322,화한다는
9323,특별히
9324,기대했던
9325,아쉽게
9327,아름답고
9328,아팠습니다
9329,아름다워서
9330,강렬한
9331,색다르고
9332,재밌었던
9336,좋았지만
9337,좋았던
9338,있었던
9342,넓게
9345,재밌을
9346,즐거운
9348,예쁘고
9349,아름답게
9350,아름답고
9352,있구나
9354,좋아한다면
9355,기대하고
9357,아쉽습니다
9358,있길
9359,좋아하는
9360,궁금해
9361,아니라서
9362,지루해질
9364,적절한
9365,지루하지
9366,신선했어요
9368,좋았구요
9369,가난한
9370,미쳐
9371,있던
9372,같거든요
9373,즐거웠던
9374,이쁘고
9375,좋았다고
9376,아쉬워요
9378,아프네요
9379,멋진
9380,멋진
9381,아름다
9382,감미로운
9383,행복했습니다
9384,멋진
9386,멋진
9387,아쉽네요
9388,아름다운
9390,행복한
9391,오붓하게
9393,잔잔하니
9394,따뜻하고
9395,멋있더라고
9396,좋아하는
9397,재미있게
9403,없었다
9404,흥미로워서
9405,즐거운
9407,아름다운
9408,아름다운
9410,있겠습니다
9412,섬세한
9413,신기했다
9414,아름다웠다
9415,아쉽네요
9417,같았다
9418,다르지
9419,단순히
9423,가난해도
9424,번한
9425,평범하게
9426,힘든
9430,좋았음
9432,뛰어납니다
9433,아름다운
9434,아름다운
9436,예뻤어요
9437,좋아해서
9438,기대했던
9440,슬펐습니다
9441,애틋해서
9442,아쉽지
9443,재미있었다고
9444,기뻤는데
9445,기뻤습니다
9448,좋겠네요
9449,아쉬웠습니다
9450,잔잔한
9453,아팠지만
9454,아름다운
9455,행복했던
9456,있었어요
9457,있다니
9458,바빴어
9459,아쉬워요
9460,어느덧
9462,좋은지
9463,있었어요
9470,좋았던
9472,좋게
9475,아름다운
9476,훌륭한
9485,신선하구요
9486,좋았을
9487,후회되
9489,멋졌습니다
9490,재밌었어요
9491,깊었습니다
9494,멋진
9497,아쉽네요
9499,기대해
9500,좋았구요
9501,좋으이
9505,좋았음
9506,있겠습니다
9510,행복했습니다
9511,있길
9515,좋아하는
9517,행복한
9518,굉장했구요
9519,있었으면
9520,좋겠습니다
9521,불행한
9526,행복했습니다
9527,아픈
9528,따스한
9530,좋다
9531,좋다
9532,따뜻한
9533,다르게
9534,신기했어요
9539,있다가
9540,급히
9542,멋지고
9546,아쉽네요
9547,미쳐
9548,생생하네
9549,즐거운
9551,좋았던
9553,아름다웠습니다
9555,고맙습니다
9556,힘든
9557,많았던
9559,심심해
9561,좋겠다
9562,좋겠다는
9563,좋지만
9573,기대하고
9580,좋았네요
9581,아쉬웠습니다
9586,완벽한
9588,아름답게
9589,없다고
9594,아름답고
9596,아쉬운
9597,급하게
9599,괜찮더라
9602,아름답고
9605,그러고
9609,행복한
9610,괜찮았지만
9611,좋았음
9612,아쉽네요
9613,간절히
9615,중요한
9616,슬펐
9617,같아서
9618,아쉽습니다
9619,재미있었어요
9620,빠른
9622,좋구요
9623,빠른
9624,있었으면
9628,다르게
9634,아쉽네요
9636,슬퍼
9637,재미있었다
9638,재밌고
9639,좋다고
9640,급히
9642,아쉽습니다
9643,재밌어요
9644,아쉬워요
9646,짧게
9647,아쉬운
9650,같더라고요
9651,좋아하는데
9652,적절히
9654,만족했답니
9655,아쉬워요
9656,있기를
9657,독특했습니다
9663,예뻐서
9664,없네요
9666,좋았구요
9667,아쉽네요
9674,단단한
9675,굉장히
9676,예뻐요
9677,아쉽습니다
9678,멋있었습니다
9679,강하고
9680,성한
9681,있던
9682,우울하면
9684,아름다워요
9686,있었으면
9687,좋겠네요
9688,참신하고
9689,멋졌습니다
9690,적절하게
9693,좋아하는
9694,멋졌습니다
9696,좋지
9699,이쁘고
9700,멋진
9703,있다는
9704,깊은
9707,좋아용
9708,없네용
9711,예뻤답니다
9712,아름다운
9713,아름답게
9714,멋진
9716,없었어요
9717,높은
9718,없었던
9720,소중하니까
9721,좋다
9723,예쁜
9724,어색한데
9725,아름답다
9726,아닌가
9728,반가웠습니다
9729,궁금해질
9732,아쉽네요
9733,따뜻하고
9735,잔잔하고
9736,슬퍼요
9738,있었고
9739,가까워서
9740,좋았네요
9741,만족스러웠어요
9742,독특했네요
9743,있었고
9745,있었다는
9746,새로웠습니다
9748,좋았던
9752,아름답게
9753,처절하고
9754,안타까워서
9755,무거웠습니다
9756,뛰어난
9758,즐겁게
9759,깊었습니다
9760,아름답게
9764,즐겁게
9767,아름다운
9768,섬세한
9769,멋진
9770,아쉽네요
9771,좋아하는
9772,아쉽습니다
9774,좋겠습니다
9776,아름다운
9778,막연히
9779,있던
9780,멋진
9782,행복한
9785,사랑스러운
9786,넘쳐나는
9788,멋진
9790,잘생긴
9791,불안한
9792,같았던
9794,따뜻하게
9798,좋아해서
9799,힘든
9800,아름다운
9802,부드럽고
9804,슬프지만
9806,좋다고
9807,많았다면
9808,섬세하여
9811,없습니다
9812,있었다는
9813,좋아하던
9815,추합니다
9819,막연히
9820,있던
9821,잔잔한
9822,멋졌어요
9824,많아서
9825,좋더라구요
9826,아닌데
9828,슬펐어요
9829,아닌데
9830,아프더군
9834,좋단
9835,기대했는데
9836,신선하고
9837,새롭네요
9838,훌륭하게
9839,어색한
9842,지루하지
9844,아쉬워
9845,없네요
9846,예쁘고
9848,좋아하는데요
9850,적절하게
9852,없으면
9853,지루할
9854,있겠다
9856,없을
9857,탁월한
9858,가벼운
9859,반하고
9861,훌륭해서
9862,있었어요
9863,힘들었던
9864,다양한
9865,신선함까지
9866,아쉽네요
9869,좋아하는
9872,예뻤고
9873,좋았네요
9874,좋아해서
9876,멋진
9877,멋졌어
9879,익숙해서
9880,그런지
9881,지루한
9884,벅차던
9885,입니다거기에
9886,저린
9887,후회되네요
9888,예쁘고
9890,쉬워요
9891,싫었는데
9892,싫었는지
9895,이쁘게
9896,즐거웠어요
9897,아쉬워요
9900,남달랐다
9902,좋으시
9903,새로운
9904,좋아해서
9908,좋더라
9913,좋어요
9914,좋고요
9918,지루한
9919,아닌데
9920,길게
9921,새로운
9923,괜찮게
9924,좋았
9926,즐겁게
9928,멋지게
9931,기쁩니다
9932,굉장히
9934,지루했습니다
9935,아쉽네요
9936,즐거웠어요
9937,사랑스러운
9939,아니어서
9940,특별한
9943,좋았던
9945,좋게
9948,좋았네요
9951,새로웠습니다
9953,새로웠습니다
9956,화려한
9957,잔잔한
9958,화려하진
9959,소박하고
9960,진실되게
9962,좋구
9964,편안했어요
9965,즐겁게
9966,아픈
9967,슬픈
9968,새로운
9969,좋아한다면
9971,잔잔하면서
9973,좋았음
9974,차분하고
9975,멋졌고
9976,간결하지만
9977,깊게
9979,있었
9980,좋아하는
9981,편안하게
9983,잔잔하게
9984,강렬했던
9986,근사한
9987,멋진
9988,다르다
9989,이상한
9992,행복해
10001,좋다
10002,좋더라구요
10003,좋아하구요
10005,있었어요
10006,좋구
10007,있었습니다
10008,즐거웠어요
10010,재밌는
10011,잔잔하게
10013,아쉽네요
10014,좋겠습니다
10017,좋다며
10018,재미있는
10020,재밌어요
10023,힘들긴
10025,관대하니까
10026,피곤했다
10027,쉬워
10028,같았어요
10029,밋밋하다
10030,하얀
10031,깊었습니다
10032,멋지게
10033,만족스러웠습니다
10038,아름다운
10039,같더군요
10043,좋앗
10044,잔잔한
10047,넓은
10048,당하는
10049,없고
10050,편안하고
10051,따뜻한
10052,그러한
10053,편안하고
10058,원하는
10060,없는데
10061,있었고
10062,인해
10064,아름다운
10065,아름다운
10068,매정합니다고
10069,고통스러웠습니다
10070,있었습니다
10072,그러다
10074,아름다
10075,서글퍼
10078,슬퍼지고요
10079,재밌어요
10080,예쁘고
10081,뿐인데도
10082,같아서
10084,화려한
10085,가볍지도
10086,무겁지도
10087,있었습니다
10089,굉장히
10090,신선했고
10092,충분히
10095,좋았던
10096,재밌어서
10100,좋았어서
10101,아름답고
10104,멋지구
10105,좋아하시는
10108,잔잔한
10110,자자한
10112,멋졌어요
10113,아깝지
10114,재밌어요
10115,예뻐요
10117,화려하게
10118,반하다
10120,궁금하다면
10121,더하였다
10122,좋아하는
10123,좋을
10124,있더라고
10125,깊었고요
10126,따뜻해지는
10127,따뜻하고
10128,좋더라구요
10130,예뻤습니다
10132,궁금했었는데
10133,다양한
10137,힘들었던
10138,있었던
10139,다르
10141,지루하지
10142,기대합니다
10143,가득했고
10144,벅찼습니다
10145,있었던
10146,영원한
10147,무겁게
10148,있었던
10149,유쾌함으로
10150,어둡게만
10153,심해서
10154,심했는데도
10156,멋진
10157,있었고
10160,기대하고
10165,아쉬운
10166,있었습니다
10167,훌륭한
10168,화려한
10169,좋았으며
10170,지루하지
10171,아쉽게도
10173,신선했을
10174,아쉬운
10176,좋은데
10178,어떤지
10179,가까워
10182,그런지
10183,자세히는
10184,있었어요
10185,신선했던
10186,멋진
10187,좋은데
10188,어색하게
10189,쉬웠어요
10190,없어
10191,아쉬울
10194,새로운
10195,기대할게요
10200,짠해졌던
10202,초라한
10204,아름다운
10205,아름답다고
10206,노란
10207,좋아했다는
10208,괜찮다고
10209,있다고
10210,어둡고
10211,어둡고
10212,낮은
10213,불길한
10215,뜨거워지더군
10216,급속히
10217,나란히
10218,있다고
10219,순수했던
10221,건강하셔서
10224,아름다운
10225,아픈
10226,지루한
10228,고통스러웠던
10229,아름다운
10230,행복했습니다
10231,훌륭했던
10234,즐거웠다
10235,신선하고
10236,놀라웠다
10237,웬만한
10238,진한
10239,새로운
10240,신선했어요
10241,허전했네요
10245,깊고
10246,있었던
10249,좋았음
10251,굉장히
10252,있었어요
10253,멋진
10254,재미있어요
10258,없네요
10259,아니지만
10260,울적한
10261,있었다고
10264,아름다웠으며
10265,단순한
10271,따뜻해지네요
10272,불확실한
10273,힘든
10274,상관없이
10275,그렇고
10276,그렇습니다
10278,기대하겠습니다
10279,좋아해서
10283,예쁘고
10284,예쁘고
10285,칙칙해지려면
10287,아련하게
10289,버거웠지만
10290,좋아하는
10292,좋지만
10294,재미있습니다
10296,넓은
10298,이렇게도
10299,이쁜
10300,있구나
10306,없지만
10308,예뻤고
10310,가까워서
10312,있었습니다
10313,짧아서
10314,아쉽습니다
10316,즐겁고
10317,잔잔했다
10319,놀라웠다
10320,굉장히
10321,진부하고
10322,재밌고
10323,짠해지는
10324,없었습니다
10328,지루할
10329,있긴
10330,없을
10332,지루하긴
10335,지루하긴
10336,드라마틱하면
10337,좋았을
10338,아쉽긴
10339,좋았지만
10341,만족스러웠던
10342,불편했던
10343,완벽히
10344,뛰어나고
10345,좋아하는데
10348,잔잔하고
10352,있었던
10353,생생하게
10355,재미있어요
10356,좋음
10358,아름다워서
10359,놀랬고
10360,아름다워서
10362,새롭네요
10363,재밌었어용
10365,좋다고
10367,좋아용
10368,안타깝게
10369,아린
10373,예뻤어요
10374,드라마틱하지만
10375,부족할
10376,좋아했는데
10377,새롭네
10378,탄탄하거
10382,당연히
10383,기대할
10384,흔하게
10385,깊었고
10386,있도록
10390,약하다는
10391,나열한
10392,원했던
10393,실패했는지
10395,수많은
10398,똑같은
10399,없다게
10400,비슷하게
10401,평탄하다
10402,아니더라도
10403,조용하고
10408,있기도
10409,부족한
10410,조용한
10411,없지만
10412,확실하게
10413,좋았다라고
10415,좋지는
10416,평이한
10417,많을
10419,오죽하면
10421,있어야
10423,과장하자면
10424,평범하게
10425,흥미롭지
10428,분명한
10429,없었다는
10431,헷갈린다
10437,없었다는
10438,아쉬웠다
10439,그렇
10440,중요하다
10441,딱히
10442,흠잡을
10443,없었다
10444,심하게
10445,아프다고
10446,좋겠다
10452,분명하다
10454,새롭게
10455,좋겠다
10456,지루하지
10457,없을
10458,아쉽긴
10459,감미로운
10460,재미없을
10461,재미있었고
10462,흥미로웠습니다
10463,멋있었습니다
10468,좋아하는
10469,좋을
10472,특이하고
10473,새로워서
10474,나쁜지
10476,섬세하고
10477,노련하게
10479,편히
10480,더라구요
10481,어지럽지도
10482,많더라
10485,아니라고
10486,즐겁게
10487,있었습니다
10489,시원하게
10491,즐겁게
10493,아름다운
10494,신기한
10495,좋았
10496,행복하고
10497,따뜻한
10498,위대한
10501,수많은
10502,있었다고
10503,수많은
10504,순수함
10505,불안해
10506,평범함을
10507,숭고하게
10508,따뜻함에서
10509,강렬한
10510,생생하게
10511,아름다
10514,드러지게
10515,아찔하게
10516,아름다운
10517,행복하게
10518,건강하게
10520,그랬기
10521,짧게
10522,아름다운
10527,멋지고
10528,있던
10529,색다른
10531,아름답게
10532,음울한
10533,새로운
10534,아쉽다
10535,좋음
10536,예뻤습니다
10537,없었습니다
10538,만족했던
10539,재미있었습니다
10541,이쁩니다
10542,하얀
10543,있는데요
10544,노래소
10545,훌륭하더라
10546,있었구요
10547,뭉클하고
10548,뜨겁게
10549,있었습니다
10550,아름다워서
10552,잔잔하게
10554,예뻐요
10555,좋아하던
10560,다양한
10562,좋았네요
10564,있었고
10565,있었내요
10568,재밌었어요
10573,안타까울
10575,미치긴
10576,예쁜
10578,멋져요
10581,소소하지만
10582,멋진
10584,좋았지만
10585,미안함
10587,같구
10588,미안했고
10589,고마웠던
10591,애잔했던
10593,멋진
10595,안타까웠던
10599,좋겠다고
10603,힘든
10604,좋게
10605,예쁘고
10606,아쉬웠지만
10609,쏠쏠해요
10612,가깝게
10616,깜찍해진
10617,귀여웠어요
10619,고맙다
10621,멋지십니다
10622,재미있게
10623,즐거운
10624,울적한
10625,없었는데
10626,단순히
10629,슬픈
10632,편하게
10634,친숙해져
10637,힘들게
10639,미워하고
10640,마른
10642,있긴
10643,진정한
10644,있었더라면
10646,있었더라면
10647,좋았을까
10652,있었고
10653,깊어
10654,훈훈했고
10657,미친
10658,똑같은
10659,수많은
10660,미안함을
10661,있는지
10662,있었어요
10663,안쓰럽고
10664,불쌍하고
10668,있었어서
10669,행복했습니다
10670,맑게
10671,없는데
10672,즐거웠습니다
10673,재미있습니다
10674,즐거운
10675,새로운
10676,멋지더라구요
10677,즐거웠습니다
10678,특별한
10680,있었어
10683,즐거운
10684,재밌었습니다
10685,즐거운
10688,즐거운
10689,멋지고
10691,멋진
10692,멋진
10696,좋아하는데
10697,재미있어
10699,좋앗
10700,좋앗음
10701,가까워서
10702,그랬는지
10704,역이였던
10705,까맣게
10706,멋있으셨습니다
10707,다양한
10708,즐겁게
10709,즐거운
10710,새로운
10711,성장하는
10715,재밌고
10716,아름답게
10722,행복했습니다
10724,넘치는
10725,멋진
10726,멋지네요
10728,좋아하는
10730,멋져요
10733,자세히
10734,있었고
10736,넘치는
10737,뛰어난
10739,있다는
10741,기뻤습니다
10742,멋진
10745,멋있고
10748,재밌었다고
10750,좋았
10751,독특했구요
10752,재밌는
10755,좋았음
10757,안타깝고
10759,있다면
10760,아름다운
10761,아름답다
10762,좋겠다
10763,아쉬운
10765,그러면서도
10766,충분히
10767,괴로워하는
10768,힘겨워하는
10771,유명해진
10772,좋았을까
10773,부질없는
10774,있는데요
10777,있었습니다
10778,굉장히
10780,좋겠습니다
10781,아니시잖아요
10782,충실하다고
10786,상당히
10787,중요하다는
10788,완벽하다고
10789,아니였지만
10790,깊었습니다
10794,아프고
10795,아름답고
10797,상관없는
10798,많아서
10800,평범한
10801,어려운
10805,있다는
10806,좋았구요
10810,잔잔함이
10811,가깝게
10814,독특했으다
10815,짧은
10818,가깝게
10820,있겠다
10821,있으나
10826,이뻐서
10827,나쁘지
10828,허전한
10829,아닌가
10831,깊었던
10835,멋진
10836,흥미로웠고
10837,즐거운
10838,좋았구
10839,좋더라구요
10840,다양한
10841,깊었
10842,강한
10843,부족하지도
10844,허전하지도
10845,멋있었습니다
10846,좋을까요
10847,멋지더라
10848,좋아해서
10851,있던
10852,그러한
10853,없었던
10854,뭉클한
10855,미쳐
10858,좋아하는
10859,멋있게
10860,괜찮을
10863,멋졌습니다
10864,기대하지
10866,있었
10869,신기했습니다
10871,가깝게
10873,좋았던
10877,소용없어
10878,짧은
10879,조급한
10880,없어
10881,있었다고
10882,담담하게
10883,어땠을까
10884,어땠어
10885,빠른
10886,아름다운
10887,간절한
10888,아름다운
10889,외롭게
10890,없던
10891,드라마틱한
10893,좋아한
10894,완전히
10896,많았다
10897,많았다
10899,좋아했기
10900,그러한
10901,허전하거나
10902,지루할
10903,놀라운
10904,깊었던
10905,희고
10906,넓은
10909,미친
10910,아름다운
10912,꼬여
10913,있던
10917,애틋하고
10918,안타까워서
10919,평안하고
10920,꼿꼿하게
10921,의연했다
10922,담담하게
10923,차분하지만
10924,비장하고
10928,가볍게
10929,반해
10930,새로운
10931,정성스런
10932,스러웠다
10933,좋아하게
10934,뒤늦게
10935,즐거워
10937,순수한
10939,끊임없이
10940,행복하고
10941,변함
10942,있었고
10943,소중히
10945,있으리라
10946,따뜻하게
10947,섬세한
10948,확고한
10949,좋아하는
10953,굉장히
10954,감미로운
10956,화려한
10958,어느새
10959,있었구요
10963,예쁘다
10964,하얗게
10965,있던
10966,있던
10968,있던
10970,아름답고
10973,비슷합니다
10975,특별한
10976,안타까웠습니다
10977,대단한
10980,심각하고
10981,진지하고
10982,무거운
10983,아니니까
10984,좋아하신다면
10985,예뻐요
10986,멋지다는
10988,드러지게
10989,뛰어났고
10990,멋지게
10991,깊었습니다
10992,단순한
10994,멋있었습니다
10995,다양한
10996,못지않게
10998,재미있게
11000,즐겁습니다
11001,독특하고
11002,아름다웠습니다
11003,남달랐던
11005,넓되
11006,좁아
11007,멀지
11008,있었습니다
11009,벅차고
11010,어설프진
11011,깊었습니다
11012,필요했던
11013,아름답게
11014,있었습니다
11015,넉넉하지
11017,아름답고
11019,있다가
11024,예뻐요
11025,이쁜
11028,미마저
11029,화려했다
11031,있는데요
11033,완벽한
11034,있다고
11035,많지
11036,좋은지가
11037,좋더라구요
11045,반하고
11047,기대하고
11049,이쁘네요
11050,멋지세요
11052,아파요
11053,있겠죠
11054,아까운
11055,좋아하신다면
11056,재미있을
11057,흥미롭게
11058,재미있을까
11060,멋지고요
11061,굉장히
11062,좋아해서
11063,굉장히
11064,설레였고
11066,예민한
11068,있었던
11070,아픈
11071,뛰어나니며
11073,굉장히
11075,하얀
11078,굉장히
11079,단순해
11080,하얀
11081,성해내는
11082,굉장히
11083,독특하고
11084,흥미로웠다
11085,불편한
11088,좋다
11090,굉장히
11091,발랄하고
11093,굉장히
11094,우울한
11098,다름없는
11099,재미있다
11101,좋게
11102,원하는
11104,좋을
11105,같더라
11106,있었어요
11108,좋았다는
11110,하얀
11111,다양한
11113,어땠는지
11114,있었던
11118,있잖아요
11119,고통스러울
11120,많을
11121,없이는
11123,많지
11124,다르다는
11125,괴로워하다
11127,영원히
11128,아닐까
11129,특이한
11130,엄청나게
11131,많더라구요
11132,없고
11133,좋을
11134,있다는
11135,많다
11136,아니었는데
11137,노래하듯
11138,그런지
11139,많더라
11140,많아서
11141,좋았는데
11142,솔직히
11144,없어
11145,없었던
11146,가득한
11147,아니었다는
11148,원하고
11149,평범한
11152,예쁘고
11153,좋다
11156,궁금했는데
11158,좋아해
11160,그러던
11161,좋아하는
11162,애절하면서도
11163,귀여우시고
11165,새로운
11166,신선함이
11167,있는데
11172,설레기까지
11173,좋아하는
11177,단순한
11178,지루하더군
11179,특별히
11180,없고
11181,아쉽습니다
11182,상당히
11183,같더군
11184,좋아하시는
11185,화려한
11186,기대하지는
11188,확실합니다
11191,즐거운
11192,있었다면
11193,슬픈
11196,궁금해서
11197,없지만
11198,멋짐
11199,즐겁게
11200,새로운
11201,강한
11204,같았는데
11206,더라구요
11207,희의
11209,아름다운
11213,아름다운
11214,멋진
11215,좋았구요
11217,위대한
11218,행복한
11219,아쉬운
11220,있었는데도
11221,완벽했습니다
11222,많아서
11223,좋았네요
11225,좋았구요
11226,있었고
11227,유명하지만
11229,끝없는
11230,멋있어
11231,저렴하게
11235,기대할게요
11236,많아
11237,기대하면서
11239,있었던
11241,행복했던
11246,있던
11247,아름답고
11248,슬프고
11249,황홀하게
11250,기특한
11251,높게
11252,재밌지만
11253,가깝게
11255,원할히
11259,있다는
11260,스럽고
11263,있었으면
11264,좋겠
11265,좋아한다면
11266,아름답다
11270,멋진
11273,심하게
11276,없고
11279,좋아하는
11280,아깝고
11281,지루하지는
11282,괜찮네
11285,괜찮
11287,새로웠고
11289,수많은
11290,찡한
11292,한심한
11293,슬프
11295,이쁜
11297,행복했었습니다
11298,익숙하지
11299,다르더라
11301,멋진
11309,다르거든요
11312,길게
11314,좋더라구요
11316,슬프지만
11317,평화로워
11319,없었더라면
11320,좋았을
11322,역은
11323,대단하신
11324,같아서
11327,없고
11328,급히
11330,좋더라구요
11331,많아서
11333,같기도
11334,같기도
11335,많으셨겠다
11337,어리둥절하기는
11338,재미있는
11340,좋더라구요
11341,멋졌습니다
11343,폭넓은
11344,있기가
11345,힘들더군
11346,중요했는데
11347,다양한
11348,좋았네요
11349,있겠지만
11350,멋진
11352,즐거운
11353,변하는
11354,쏠쏠한
11357,착한
11359,한심하면서도
11361,싫은
11364,딴길로
11365,세련되고
11366,익숙한
11367,좋아하지
11370,좋아하는
11372,평범한
11373,아름답고
11376,다양한
11378,있긴
11380,같더군
11381,있었던
11382,멋진
11384,생생하게
11388,멋지네요
11389,없었어요
11390,멋진
11391,훌륭한
11392,추합니다
11393,막연히
11395,궁금해서
11396,깔끔한
11397,깔끔하고
11399,비싸고
11400,아깝다
11403,많지
11404,있었던
11405,있었구요
11406,황홀하게
11411,특이했고
11412,특이했다
11416,많았기에
11417,있다는
11419,있었기
11421,있다는
11422,재미없다고
11423,같았습니다
11424,뻔한
11426,드라마틱했던
11427,뻔히
11429,재미있다고
11430,굉장히
11431,없었습니다
11432,쓰라린
11433,뿐이었습니다
11435,재밌었습니다
11437,있었던
11439,유명한
11440,짧지만
11441,있었던
11443,대단하다고
11445,괴롭고
11446,설렘에
11447,빠르게
11448,젊은
11449,있는데
11450,세련되고
11451,깔끔하고
11452,까칠한
11453,변하지는
11454,하얀
11455,다양한
11456,하얀
11457,신선했습니다
11458,재미있는
11459,아니지만
11460,재미있게
11462,기대합니다
11465,아름다웠고요
11466,생생하게
11469,있더
11470,아름다운
11473,실망하니
11475,쉬운
11476,있었습니다
11477,대단한
11479,대단한
11481,없고
11482,가득했던
11487,없네
11488,좋다는
11490,있었습니다
11491,있었어요
11492,변하는
11493,지루하지
11494,좋으시고
11496,아닐까
11503,새로운
11505,행복했다
11508,행복하네요
11509,넘치는
11512,유익한
11513,잔잔하고
11514,지루한
11518,배고픔이
11519,안타깝다고
11520,평온함을
11521,좋았는
11525,재미있고
11526,신선했다
11527,있었던
11529,있었던
11533,아름다운
11535,신기하고
11536,즐겁게
11540,멋진
11542,다양하다
11543,있었거두
11545,이쁘네요
11547,좋아해서
11549,아름답고
11551,난해서
11553,있었습니다
11555,감미로운
11556,흥미로웠습니다
11557,좋을
11560,입니
11561,아름답고
11564,그랬다
11565,좋았는지
11568,넓어
11572,멋집니다
11576,좋아해서
11577,같았습니다
11579,없었습니다
11580,다양하게
11582,깊었습니다
11583,멋진
11610,있다는
11611,좋았던
11613,깊었어요
11614,다행히
11615,어렵진
11616,가까운
11618,있었던
11619,어둡고
11620,괴팍한
11622,죄송한
11624,세련되게
11625,고통스런
11626,다양한
11627,감미롭
11628,멋지게
11629,멋졌다
11630,있었다면
11631,건장한
11633,마른
11635,매끄럽다고
11639,있으면
11640,없다는
11641,계실
11642,안타까울
11643,뿐입니다
11644,있었네요
11646,궁금해서
11651,없도록
11655,예쁘고
11656,아름다웠어요
11657,확실히
11659,재미없어질
11662,그런지
11663,잘생겼더라구요
11665,유쾌함
11666,못지않은
11667,아쉬웠다면
11668,부족한
11669,있으나
11670,밋밋해서
11671,높아서
11672,그랬던
11676,반해
11677,광활하게
11678,어떡하나
11680,멋지게
11681,아쉬웠고
11682,아쉽더군
11683,힘들었던
11686,좁고
11687,단조로운
11688,탁월한
11691,궁금했는데
11692,더해
11693,생생하게
11696,행복한
11699,자세히
11701,자잘한
11702,완벽한
11704,새롭게
11706,좋았어
11707,슬퍼
11709,좋았으나
11711,가까운
11712,지루할
11714,무겁고
11715,어둡고
11716,그렇잖아요
11717,지루해하면
11718,걱정스러웠는데
11719,다행히
11720,괜찮았다고
11722,참신한
11723,같았습니다
11724,평범했는데
11726,놀랬고
11729,있는데
11730,아니었던
11734,예민한
11735,있다거나
11736,특별함은
11737,없었지만
11740,특별히
11741,괜찮았던
11743,뿐인
11745,다양한
11747,성실함에
11748,아름다워
11749,깊지는
11753,완벽하다면
11754,재밌네요
11756,생생함이
11759,괜찮았어요
11760,밋밋해
11761,멋졌네요
11763,지루해졌거든요
11764,작았구요
11765,황홀하고
11766,아름답습니다
11771,어려운
11772,없다고
11773,부족한
11775,같앗어요
11776,예쁘고서
11778,짙지는
11779,아쉬
11780,단조로워
11781,아쉬웠고
11782,작아서
11783,많아
11784,신선하고
11785,유익한
11787,지루하지
11788,있었습니다
11789,정확히
11790,아쉬웠습니다
11793,같기도
11795,있었어요
11796,좋아했던
11798,기대하는
11799,변하는
11802,간단한
11803,순전히
11805,아슬아슬한
11806,든든하고
11807,단단한
11810,유명한
11812,다양한
11814,있었다는
11816,소소한
11818,좋을
11820,가능하구나
11822,기대하던
11823,만족스러웠다
11824,기대하지
11825,만족한
11826,안타까웠고
11827,괜찮았어
11828,좋았구요
11830,좋아하네요
11832,예쁘고
11833,예뻐서
11834,그런지
11836,없나요
11837,좋아해서
11838,행복했습니다
11839,아프지만
11840,행복하게
11844,어떨지
11845,화려한
11847,같았어요
11851,좋았던
11855,아쉽
11856,아쉬운
11857,풍부했으면
11859,아쉬웠어요
11863,그런지
11864,아쉬웠습니다
11865,같은데
11866,재미있었고
11868,있었습니다
11869,있었던
11870,아쉬웠고
11871,지루한
11873,좋았구
11874,괜찮은
11876,조화로운
11878,위대한
11880,편안한
11882,부드러운
11883,완벽하게
11886,없었다
11887,눈부신
11895,있던
11898,좋았구요
11899,그러
11902,확실했다면
11903,좋았을
11904,없었습니다
11905,있기는
11906,없더군
11907,좋았지만
11908,있다는
11909,확실히
11911,좋아해서
11912,반하고
11914,신기하고
11917,멋지고
11918,좋더군요
11920,아쉬웠지만
11922,어수선하고
11923,이쁜
11924,신선하네요
11925,좋구
11926,멋있네
11928,아쉬
11929,멋진
11930,같아용
11931,안타까
11933,더해져
11934,없었습니다
11935,무겁기만
11937,재밌는
11938,있더라구요
11940,있었던
11942,많았던
11943,지루한
11944,있었습니다
11945,치열하게
11948,어리둥절했지만
11949,같았는데
11950,깊게
11952,역테
11954,아쉬워
11955,용하지만
11956,깊게
11958,부탁드립니당
11960,그런지
11961,많네요
11962,가득한
11963,멋진
